Country Name,Country Code,Series Name,Series Code,2000 [YR2000],2013 [YR2013]
Afghanistan,AFG,"School enrollment, secondary (% gross)",SE.SEC.ENRR,,54.3108406066895
Afghanistan,AFG,"Life expectancy at birth, total (years)",SP.DYN.LE00.IN,54.8485609756098,60.9314146341464
Afghanistan,AFG,Improved sanitation facilities (% of population with access),SH.STA.ACSN,23.2,
Afghanistan,AFG,Improved water source (% of population with access),SH.H2O.SAFE.ZS,22.1,
Afghanistan,AFG,"Immunization, measles (% of children ages 12-23 months)",SH.IMM.MEAS,27,75
Albania,ALB,"School enrollment, secondary (% gross)",SE.SEC.ENRR,66.6789398193359,
Albania,ALB,"Life expectancy at birth, total (years)",SP.DYN.LE00.IN,74.2720731707317,77.537243902439
Albania,ALB,Improved sanitation facilities (% of population with access),SH.STA.ACSN,83.8,
Albania,ALB,Improved water source (% of population with access),SH.H2O.SAFE.ZS,96.5,
Albania,ALB,"Immunization, measles (% of children ages 12-23 months)",SH.IMM.MEAS,95,99
Algeria,DZA,"School enrollment, secondary (% gross)",SE.SEC.ENRR,61.9200096130371,
Algeria,DZA,"Life expectancy at birth, total (years)",SP.DYN.LE00.IN,68.9301951219512,71.0096585365854
Algeria,DZA,Improved sanitation facilities (% of population with access),SH.STA.ACSN,92.2,
Algeria,DZA,Improved water source (% of population with access),SH.H2O.SAFE.ZS,89.4,
Algeria,DZA,"Immunization, measles (% of children ages 12-23 months)",SH.IMM.MEAS,80,95
American Samoa,ASM,"School enrollment, secondary (% gross)",SE.SEC.ENRR,,
American Samoa,ASM,"Life expectancy at birth, total (years)",SP.DYN.LE00.IN,,
American Samoa,ASM,Improved sanitation facilities (% of population with access),SH.STA.ACSN,61.5,
American Samoa,ASM,Improved water source (% of population with access),SH.H2O.SAFE.ZS,97.8,
American Samoa,ASM,"Immunization, measles (% of children ages 12-23 months)",SH.IMM.MEAS,,
Andorra,ADO,"School enrollment, secondary (% gross)",SE.SEC.ENRR,,
Andorra,ADO,"Life expectancy at birth, total (years)",SP.DYN.LE00.IN,,
Andorra,ADO,Improved sanitation facilities (% of population with access),SH.STA.ACSN,100,
Andorra,ADO,Improved water source (% of population with access),SH.H2O.SAFE.ZS,100,
Andorra,ADO,"Immunization, measles (% of children ages 12-23 months)",SH.IMM.MEAS,97,95
Angola,AGO,"School enrollment, secondary (% gross)",SE.SEC.ENRR,14.8583097457886,
Angola,AGO,"Life expectancy at birth, total (years)",SP.DYN.LE00.IN,45.2047804878049,51.8661707317073
Angola,AGO,Improved sanitation facilities (% of population with access),SH.STA.ACSN,42.2,
Angola,AGO,Improved water source (% of population with access),SH.H2O.SAFE.ZS,45.7,
Angola,AGO,"Immunization, measles (% of children ages 12-23 months)",SH.IMM.MEAS,41,91
Antigua and Barbuda,ATG,"School enrollment, secondary (% gross)",SE.SEC.ENRR,77.8745422363281,
Antigua and Barbuda,ATG,"Life expectancy at birth, total (years)",SP.DYN.LE00.IN,73.3972926829268,75.8292926829268
Antigua and Barbuda,ATG,Improved sanitation facilities (% of population with access),SH.STA.ACSN,84.6,
Antigua and Barbuda,ATG,Improved water source (% of population with access),SH.H2O.SAFE.ZS,97.7,
Antigua and Barbuda,ATG,"Immunization, measles (% of children ages 12-23 months)",SH.IMM.MEAS,95,98
Argentina,ARG,"School enrollment, secondary (% gross)",SE.SEC.ENRR,86.5508575439453,
Argentina,ARG,"Life expectancy at birth, total (years)",SP.DYN.LE00.IN,73.7456585365854,76.1872926829268
Argentina,ARG,Improved sanitation facilities (% of population with access),SH.STA.ACSN,91.7,
Argentina,ARG,Improved water source (% of population with access),SH.H2O.SAFE.ZS,96.5,
Argentina,ARG,"Immunization, measles (% of children ages 12-23 months)",SH.IMM.MEAS,91,91
Armenia,ARM,"School enrollment, secondary (% gross)",SE.SEC.ENRR,90.7499618530273,
Armenia,ARM,"Life expectancy at birth, total (years)",SP.DYN.LE00.IN,71.2765365853658,74.540756097561
Armenia,ARM,Improved sanitation facilities (% of population with access),SH.STA.ACSN,88.9,
Armenia,ARM,Improved water source (% of population with access),SH.H2O.SAFE.ZS,92.6,
Armenia,ARM,"Immunization, measles (% of children ages 12-23 months)",SH.IMM.MEAS,92,97
Aruba,ABW,"School enrollment, secondary (% gross)",SE.SEC.ENRR,96.4860229492188,
Aruba,ABW,"Life expectancy at birth, total (years)",SP.DYN.LE00.IN,73.7206097560976,75.3321707317073
Aruba,ABW,Improved sanitation facilities (% of population with access),SH.STA.ACSN,98.2,
Aruba,ABW,Improved water source (% of population with access),SH.H2O.SAFE.ZS,94.2,
Aruba,ABW,"Immunization, measles (% of children ages 12-23 months)",SH.IMM.MEAS,,
Australia,AUS,"School enrollment, secondary (% gross)",SE.SEC.ENRR,160.618606567383,
Australia,AUS,"Life expectancy at birth, total (years)",SP.DYN.LE00.IN,79.2341463414634,82.1975609756098
Australia,AUS,Improved sanitation facilities (% of population with access),SH.STA.ACSN,100,
Australia,AUS,Improved water source (% of population with access),SH.H2O.SAFE.ZS,100,
Australia,AUS,"Immunization, measles (% of children ages 12-23 months)",SH.IMM.MEAS,91,94
Austria,AUT,"School enrollment, secondary (% gross)",SE.SEC.ENRR,97.7394790649414,
Austria,AUT,"Life expectancy at birth, total (years)",SP.DYN.LE00.IN,78.1268292682927,80.890243902439
Austria,AUT,Improved sanitation facilities (% of population with access),SH.STA.ACSN,100,
Austria,AUT,Improved water source (% of population with access),SH.H2O.SAFE.ZS,100,
Austria,AUT,"Immunization, measles (% of children ages 12-23 months)",SH.IMM.MEAS,75,76
Azerbaijan,AZE,"School enrollment, secondary (% gross)",SE.SEC.ENRR,,
Azerbaijan,AZE,"Life expectancy at birth, total (years)",SP.DYN.LE00.IN,66.758243902439,70.6931463414634
Azerbaijan,AZE,Improved sanitation facilities (% of population with access),SH.STA.ACSN,62.1,
Azerbaijan,AZE,Improved water source (% of population with access),SH.H2O.SAFE.ZS,74,
Azerbaijan,AZE,"Immunization, measles (% of children ages 12-23 months)",SH.IMM.MEAS,67,98
"Bahamas, The",BHS,"School enrollment, secondary (% gross)",SE.SEC.ENRR,,
"Bahamas, The",BHS,"Life expectancy at birth, total (years)",SP.DYN.LE00.IN,72.2542926829268,75.0725609756098
"Bahamas, The",BHS,Improved sanitation facilities (% of population with access),SH.STA.ACSN,88.6,
"Bahamas, The",BHS,Improved water source (% of population with access),SH.H2O.SAFE.ZS,96.6,
"Bahamas, The",BHS,"Immunization, measles (% of children ages 12-23 months)",SH.IMM.MEAS,93,92
Bahrain,BHR,"School enrollment, secondary (% gross)",SE.SEC.ENRR,100.057357788086,
Bahrain,BHR,"Life expectancy at birth, total (years)",SP.DYN.LE00.IN,74.589243902439,76.6698780487805
Bahrain,BHR,Improved sanitation facilities (% of population with access),SH.STA.ACSN,99.1,
Bahrain,BHR,Improved water source (% of population with access),SH.H2O.SAFE.ZS,98.9,
Bahrain,BHR,"Immunization, measles (% of children ages 12-23 months)",SH.IMM.MEAS,98,99
Bangladesh,BGD,"School enrollment, secondary (% gross)",SE.SEC.ENRR,47.7961006164551,
Bangladesh,BGD,"Life expectancy at birth, total (years)",SP.DYN.LE00.IN,65.3197317073171,70.6933902439024
Bangladesh,BGD,Improved sanitation facilities (% of population with access),SH.STA.ACSN,44.5,
Bangladesh,BGD,Improved water source (% of population with access),SH.H2O.SAFE.ZS,76,
Bangladesh,BGD,"Immunization, measles (% of children ages 12-23 months)",SH.IMM.MEAS,74,93
Barbados,BRB,"School enrollment, secondary (% gross)",SE.SEC.ENRR,104.750038146973,
Barbados,BRB,"Life expectancy at birth, total (years)",SP.DYN.LE00.IN,73.0194878048781,75.2964146341463
Barbados,BRB,Improved sanitation facilities (% of population with access),SH.STA.ACSN,90.1,
Barbados,BRB,Improved water source (% of population with access),SH.H2O.SAFE.ZS,99.1,
Barbados,BRB,"Immunization, measles (% of children ages 12-23 months)",SH.IMM.MEAS,94,90
Belarus,BLR,"School enrollment, secondary (% gross)",SE.SEC.ENRR,,105.120933532715
Belarus,BLR,"Life expectancy at birth, total (years)",SP.DYN.LE00.IN,68.9121951219512,72.4707317073171
Belarus,BLR,Improved sanitation facilities (% of population with access),SH.STA.ACSN,94.9,
Belarus,BLR,Improved water source (% of population with access),SH.H2O.SAFE.ZS,99.6,
Belarus,BLR,"Immunization, measles (% of children ages 12-23 months)",SH.IMM.MEAS,98,99
Belgium,BEL,"School enrollment, secondary (% gross)",SE.SEC.ENRR,144.608047485352,
Belgium,BEL,"Life expectancy at birth, total (years)",SP.DYN.LE00.IN,77.7219512195122,80.3853658536585
Belgium,BEL,Improved sanitation facilities (% of population with access),SH.STA.ACSN,100,
Belgium,BEL,Improved water source (% of population with access),SH.H2O.SAFE.ZS,100,
Belgium,BEL,"Immunization, measles (% of children ages 12-23 months)",SH.IMM.MEAS,82,92
Belize,BLZ,"School enrollment, secondary (% gross)",SE.SEC.ENRR,67.861213684082,86.0465087890625
Belize,BLZ,"Life expectancy at birth, total (years)",SP.DYN.LE00.IN,70.5390487804878,73.9048780487805
Belize,BLZ,Improved sanitation facilities (% of population with access),SH.STA.ACSN,82.7,
Belize,BLZ,Improved water source (% of population with access),SH.H2O.SAFE.ZS,85.1,
Belize,BLZ,"Immunization, measles (% of children ages 12-23 months)",SH.IMM.MEAS,96,99
Benin,BEN,"School enrollment, secondary (% gross)",SE.SEC.ENRR,21.6056995391846,54.1641082763672
Benin,BEN,"Life expectancy at birth, total (years)",SP.DYN.LE00.IN,55.188243902439,59.2875609756098
Benin,BEN,Improved sanitation facilities (% of population with access),SH.STA.ACSN,9,
Benin,BEN,Improved water source (% of population with access),SH.H2O.SAFE.ZS,66.1,
Benin,BEN,"Immunization, measles (% of children ages 12-23 months)",SH.IMM.MEAS,70,63
Bermuda,BMU,"School enrollment, secondary (% gross)",SE.SEC.ENRR,,
Bermuda,BMU,"Life expectancy at birth, total (years)",SP.DYN.LE00.IN,77.8853658536585,80.5724390243902
Bermuda,BMU,Improved sanitation facilities (% of population with access),SH.STA.ACSN,,
Bermuda,BMU,Improved water source (% of population with access),SH.H2O.SAFE.ZS,,
Bermuda,BMU,"Immunization, measles (% of children ages 12-23 months)",SH.IMM.MEAS,,
Bhutan,BTN,"School enrollment, secondary (% gross)",SE.SEC.ENRR,30.4357795715332,77.7004470825195
Bhutan,BTN,"Life expectancy at birth, total (years)",SP.DYN.LE00.IN,60.2908048780488,68.3023170731707
Bhutan,BTN,Improved sanitation facilities (% of population with access),SH.STA.ACSN,35,
Bhutan,BTN,Improved water source (% of population with access),SH.H2O.SAFE.ZS,86.1,
Bhutan,BTN,"Immunization, measles (% of children ages 12-23 months)",SH.IMM.MEAS,78,94
Bolivia,BOL,"School enrollment, secondary (% gross)",SE.SEC.ENRR,77.9787826538086,80.0322494506836
Bolivia,BOL,"Life expectancy at birth, total (years)",SP.DYN.LE00.IN,62.9546097560976,67.2173658536585
Bolivia,BOL,Improved sanitation facilities (% of population with access),SH.STA.ACSN,37,
Bolivia,BOL,Improved water source (% of population with access),SH.H2O.SAFE.ZS,78.9,
Bolivia,BOL,"Immunization, measles (% of children ages 12-23 months)",SH.IMM.MEAS,84,95
Bosnia and Herzegovina,BIH,"School enrollment, secondary (% gross)",SE.SEC.ENRR,,
Bosnia and Herzegovina,BIH,"Life expectancy at birth, total (years)",SP.DYN.LE00.IN,74.6691707317073,76.2799024390244
Bosnia and Herzegovina,BIH,Improved sanitation facilities (% of population with access),SH.STA.ACSN,95.1,
Bosnia and Herzegovina,BIH,Improved water source (% of population with access),SH.H2O.SAFE.ZS,97.6,
Bosnia and Herzegovina,BIH,"Immunization, measles (% of children ages 12-23 months)",SH.IMM.MEAS,80,94
Botswana,BWA,"School enrollment, secondary (% gross)",SE.SEC.ENRR,74.654411315918,
Botswana,BWA,"Life expectancy at birth, total (years)",SP.DYN.LE00.IN,50.4896341463415,47.4056097560976
Botswana,BWA,Improved sanitation facilities (% of population with access),SH.STA.ACSN,52,
Botswana,BWA,Improved water source (% of population with access),SH.H2O.SAFE.ZS,94.8,
Botswana,BWA,"Immunization, measles (% of children ages 12-23 months)",SH.IMM.MEAS,91,94
Brazil,BRA,"School enrollment, secondary (% gross)",SE.SEC.ENRR,,
Brazil,BRA,"Life expectancy at birth, total (years)",SP.DYN.LE00.IN,70.2573902439024,73.8859512195122
Brazil,BRA,Improved sanitation facilities (% of population with access),SH.STA.ACSN,74.6,
Brazil,BRA,Improved water source (% of population with access),SH.H2O.SAFE.ZS,93.5,
Brazil,BRA,"Immunization, measles (% of children ages 12-23 months)",SH.IMM.MEAS,99,99
Brunei Darussalam,BRN,"School enrollment, secondary (% gross)",SE.SEC.ENRR,86.2204895019531,105.909812927246
Brunei Darussalam,BRN,"Life expectancy at birth, total (years)",SP.DYN.LE00.IN,76.0309512195122,78.5664390243903
Brunei Darussalam,BRN,Improved sanitation facilities (% of population with access),SH.STA.ACSN,,
Brunei Darussalam,BRN,Improved water source (% of population with access),SH.H2O.SAFE.ZS,,
Brunei Darussalam,BRN,"Immunization, measles (% of children ages 12-23 months)",SH.IMM.MEAS,99,99
Bulgaria,BGR,"School enrollment, secondary (% gross)",SE.SEC.ENRR,92.5644989013672,
Bulgaria,BGR,"Life expectancy at birth, total (years)",SP.DYN.LE00.IN,71.6634146341463,74.4658536585366
Bulgaria,BGR,Improved sanitation facilities (% of population with access),SH.STA.ACSN,99.8,
Bulgaria,BGR,Improved water source (% of population with access),SH.H2O.SAFE.ZS,99.7,
Bulgaria,BGR,"Immunization, measles (% of children ages 12-23 months)",SH.IMM.MEAS,89,94
Burkina Faso,BFA,"School enrollment, secondary (% gross)",SE.SEC.ENRR,10.4228601455688,28.3777809143066
Burkina Faso,BFA,"Life expectancy at birth, total (years)",SP.DYN.LE00.IN,50.482756097561,56.2750243902439
Burkina Faso,BFA,Improved sanitation facilities (% of population with access),SH.STA.ACSN,11.6,
Burkina Faso,BFA,Improved water source (% of population with access),SH.H2O.SAFE.ZS,59.9,
Burkina Faso,BFA,"Immunization, measles (% of children ages 12-23 months)",SH.IMM.MEAS,48,82
Burundi,BDI,"School enrollment, secondary (% gross)",SE.SEC.ENRR,,33.1023101806641
Burundi,BDI,"Life expectancy at birth, total (years)",SP.DYN.LE00.IN,48.2080243902439,54.0971951219512
Burundi,BDI,Improved sanitation facilities (% of population with access),SH.STA.ACSN,44.3,
Burundi,BDI,Improved water source (% of population with access),SH.H2O.SAFE.ZS,71.8,
Burundi,BDI,"Immunization, measles (% of children ages 12-23 months)",SH.IMM.MEAS,72,98
Cabo Verde,CPV,"School enrollment, secondary (% gross)",SE.SEC.ENRR,67.2274627685547,92.7378005981445
Cabo Verde,CPV,"Life expectancy at birth, total (years)",SP.DYN.LE00.IN,69.591243902439,74.8706829268293
Cabo Verde,CPV,Improved sanitation facilities (% of population with access),SH.STA.ACSN,44.3,
Cabo Verde,CPV,Improved water source (% of population with access),SH.H2O.SAFE.ZS,82.7,
Cabo Verde,CPV,"Immunization, measles (% of children ages 12-23 months)",SH.IMM.MEAS,86,91
Cambodia,KHM,"School enrollment, secondary (% gross)",SE.SEC.ENRR,16.9980697631836,
Cambodia,KHM,"Life expectancy at birth, total (years)",SP.DYN.LE00.IN,61.8872682926829,71.7475609756098
Cambodia,KHM,Improved sanitation facilities (% of population with access),SH.STA.ACSN,16.3,
Cambodia,KHM,Improved water source (% of population with access),SH.H2O.SAFE.ZS,41.5,
Cambodia,KHM,"Immunization, measles (% of children ages 12-23 months)",SH.IMM.MEAS,65,90
Cameroon,CMR,"School enrollment, secondary (% gross)",SE.SEC.ENRR,27.2960205078125,
Cameroon,CMR,"Life expectancy at birth, total (years)",SP.DYN.LE00.IN,51.9358780487805,55.0418048780488
Cameroon,CMR,Improved sanitation facilities (% of population with access),SH.STA.ACSN,42.2,
Cameroon,CMR,Improved water source (% of population with access),SH.H2O.SAFE.ZS,61.7,
Cameroon,CMR,"Immunization, measles (% of children ages 12-23 months)",SH.IMM.MEAS,49,83
Canada,CAN,"School enrollment, secondary (% gross)",SE.SEC.ENRR,101.52033996582,
Canada,CAN,"Life expectancy at birth, total (years)",SP.DYN.LE00.IN,79.2365853658537,81.4011219512195
Canada,CAN,Improved sanitation facilities (% of population with access),SH.STA.ACSN,99.8,
Canada,CAN,Improved water source (% of population with access),SH.H2O.SAFE.ZS,99.8,
Canada,CAN,"Immunization, measles (% of children ages 12-23 months)",SH.IMM.MEAS,96,95
Cayman Islands,CYM,"School enrollment, secondary (% gross)",SE.SEC.ENRR,,
Cayman Islands,CYM,"Life expectancy at birth, total (years)",SP.DYN.LE00.IN,,
Cayman Islands,CYM,Improved sanitation facilities (% of population with access),SH.STA.ACSN,96.3,
Cayman Islands,CYM,Improved water source (% of population with access),SH.H2O.SAFE.ZS,93.4,
Cayman Islands,CYM,"Immunization, measles (% of children ages 12-23 months)",SH.IMM.MEAS,,
Central African Republic,CAF,"School enrollment, secondary (% gross)",SE.SEC.ENRR,,
Central African Republic,CAF,"Life expectancy at birth, total (years)",SP.DYN.LE00.IN,43.6923170731707,50.1368048780488
Central African Republic,CAF,Improved sanitation facilities (% of population with access),SH.STA.ACSN,17.2,
Central African Republic,CAF,Improved water source (% of population with access),SH.H2O.SAFE.ZS,62.5,
Central African Republic,CAF,"Immunization, measles (% of children ages 12-23 months)",SH.IMM.MEAS,36,25
Chad,TCD,"School enrollment, secondary (% gross)",SE.SEC.ENRR,10.7817296981812,
Chad,TCD,"Life expectancy at birth, total (years)",SP.DYN.LE00.IN,46.6871707317073,51.1590731707317
Chad,TCD,Improved sanitation facilities (% of population with access),SH.STA.ACSN,9.7,
Chad,TCD,Improved water source (% of population with access),SH.H2O.SAFE.ZS,44.7,
Chad,TCD,"Immunization, measles (% of children ages 12-23 months)",SH.IMM.MEAS,28,59
Channel Islands,CHI,"School enrollment, secondary (% gross)",SE.SEC.ENRR,,
Channel Islands,CHI,"Life expectancy at birth, total (years)",SP.DYN.LE00.IN,77.5246097560976,80.2595365853659
Channel Islands,CHI,Improved sanitation facilities (% of population with access),SH.STA.ACSN,,
Channel Islands,CHI,Improved water source (% of population with access),SH.H2O.SAFE.ZS,,
Channel Islands,CHI,"Immunization, measles (% of children ages 12-23 months)",SH.IMM.MEAS,,
Chile,CHL,"School enrollment, secondary (% gross)",SE.SEC.ENRR,82.3943023681641,
Chile,CHL,"Life expectancy at birth, total (years)",SP.DYN.LE00.IN,76.7585609756098,79.8368048780488
Chile,CHL,Improved sanitation facilities (% of population with access),SH.STA.ACSN,91.6,
Chile,CHL,Improved water source (% of population with access),SH.H2O.SAFE.ZS,94.8,
Chile,CHL,"Immunization, measles (% of children ages 12-23 months)",SH.IMM.MEAS,97,90
China,CHN,"School enrollment, secondary (% gross)",SE.SEC.ENRR,58.0278511047363,
China,CHN,"Life expectancy at birth, total (years)",SP.DYN.LE00.IN,72.1407317073171,75.3530243902439
China,CHN,Improved sanitation facilities (% of population with access),SH.STA.ACSN,44.6,
China,CHN,Improved water source (% of population with access),SH.H2O.SAFE.ZS,80.1,
China,CHN,"Immunization, measles (% of children ages 12-23 months)",SH.IMM.MEAS,84,99
Colombia,COL,"School enrollment, secondary (% gross)",SE.SEC.ENRR,71.510986328125,92.9564437866211
Colombia,COL,"Life expectancy at birth, total (years)",SP.DYN.LE00.IN,70.9872195121951,73.9788292682927
Colombia,COL,Improved sanitation facilities (% of population with access),SH.STA.ACSN,74.6,
Colombia,COL,Improved water source (% of population with access),SH.H2O.SAFE.ZS,89.9,
Colombia,COL,"Immunization, measles (% of children ages 12-23 months)",SH.IMM.MEAS,88,92
Comoros,COM,"School enrollment, secondary (% gross)",SE.SEC.ENRR,,63.8734703063965
Comoros,COM,"Life expectancy at birth, total (years)",SP.DYN.LE00.IN,57.8794390243903,60.8574878048781
Comoros,COM,Improved sanitation facilities (% of population with access),SH.STA.ACSN,28.3,
Comoros,COM,Improved water source (% of population with access),SH.H2O.SAFE.ZS,92,
Comoros,COM,"Immunization, measles (% of children ages 12-23 months)",SH.IMM.MEAS,70,82
"Congo, Dem. Rep.",ZAR,"School enrollment, secondary (% gross)",SE.SEC.ENRR,,
"Congo, Dem. Rep.",ZAR,"Life expectancy at birth, total (years)",SP.DYN.LE00.IN,46.3557317073171,49.9438536585366
"Congo, Dem. Rep.",ZAR,Improved sanitation facilities (% of population with access),SH.STA.ACSN,22.6,
"Congo, Dem. Rep.",ZAR,Improved water source (% of population with access),SH.H2O.SAFE.ZS,44,
"Congo, Dem. Rep.",ZAR,"Immunization, measles (% of children ages 12-23 months)",SH.IMM.MEAS,46,73
"Congo, Rep.",COG,"School enrollment, secondary (% gross)",SE.SEC.ENRR,,
"Congo, Rep.",COG,"Life expectancy at birth, total (years)",SP.DYN.LE00.IN,52.3019268292683,58.77
"Congo, Rep.",COG,Improved sanitation facilities (% of population with access),SH.STA.ACSN,12.7,
"Congo, Rep.",COG,Improved water source (% of population with access),SH.H2O.SAFE.ZS,69.2,
"Congo, Rep.",COG,"Immunization, measles (% of children ages 12-23 months)",SH.IMM.MEAS,34,65
Costa Rica,CRI,"School enrollment, secondary (% gross)",SE.SEC.ENRR,60.5599708557129,108.918678283691
Costa Rica,CRI,"Life expectancy at birth, total (years)",SP.DYN.LE00.IN,77.7344878048781,79.921
Costa Rica,CRI,Improved sanitation facilities (% of population with access),SH.STA.ACSN,91.3,
Costa Rica,CRI,Improved water source (% of population with access),SH.H2O.SAFE.ZS,95,
Costa Rica,CRI,"Immunization, measles (% of children ages 12-23 months)",SH.IMM.MEAS,82,91
Cote d'Ivoire,CIV,"School enrollment, secondary (% gross)",SE.SEC.ENRR,,39.0752296447754
Cote d'Ivoire,CIV,"Life expectancy at birth, total (years)",SP.DYN.LE00.IN,46.4539024390244,50.7574146341463
Cote d'Ivoire,CIV,Improved sanitation facilities (% of population with access),SH.STA.ACSN,17.7,
Cote d'Ivoire,CIV,Improved water source (% of population with access),SH.H2O.SAFE.ZS,77.5,
Cote d'Ivoire,CIV,"Immunization, measles (% of children ages 12-23 months)",SH.IMM.MEAS,68,74
Croatia,HRV,"School enrollment, secondary (% gross)",SE.SEC.ENRR,85.866569519043,
Croatia,HRV,"Life expectancy at birth, total (years)",SP.DYN.LE00.IN,72.8078048780488,77.1268292682927
Croatia,HRV,Improved sanitation facilities (% of population with access),SH.STA.ACSN,98.2,
Croatia,HRV,Improved water source (% of population with access),SH.H2O.SAFE.ZS,98.5,
Croatia,HRV,"Immunization, measles (% of children ages 12-23 months)",SH.IMM.MEAS,93,94
Cuba,CUB,"School enrollment, secondary (% gross)",SE.SEC.ENRR,82.3638534545898,92.0979995727539
Cuba,CUB,"Life expectancy at birth, total (years)",SP.DYN.LE00.IN,76.6689512195122,79.2392682926829
Cuba,CUB,Improved sanitation facilities (% of population with access),SH.STA.ACSN,86.8,
Cuba,CUB,Improved water source (% of population with access),SH.H2O.SAFE.ZS,90.7,
Cuba,CUB,"Immunization, measles (% of children ages 12-23 months)",SH.IMM.MEAS,94,99
Curacao,CUW,"School enrollment, secondary (% gross)",SE.SEC.ENRR,,
Curacao,CUW,"Life expectancy at birth, total (years)",SP.DYN.LE00.IN,,
Curacao,CUW,Improved sanitation facilities (% of population with access),SH.STA.ACSN,,
Curacao,CUW,Improved water source (% of population with access),SH.H2O.SAFE.ZS,,
Curacao,CUW,"Immunization, measles (% of children ages 12-23 months)",SH.IMM.MEAS,,
Cyprus,CYP,"School enrollment, secondary (% gross)",SE.SEC.ENRR,93.3721389770508,
Cyprus,CYP,"Life expectancy at birth, total (years)",SP.DYN.LE00.IN,77.9716585365854,79.8043170731708
Cyprus,CYP,Improved sanitation facilities (% of population with access),SH.STA.ACSN,100,
Cyprus,CYP,Improved water source (% of population with access),SH.H2O.SAFE.ZS,100,
Cyprus,CYP,"Immunization, measles (% of children ages 12-23 months)",SH.IMM.MEAS,86,86
Czech Republic,CZE,"School enrollment, secondary (% gross)",SE.SEC.ENRR,89.123420715332,
Czech Republic,CZE,"Life expectancy at birth, total (years)",SP.DYN.LE00.IN,74.9682926829268,78.2780487804878
Czech Republic,CZE,Improved sanitation facilities (% of population with access),SH.STA.ACSN,100,
Czech Republic,CZE,Improved water source (% of population with access),SH.H2O.SAFE.ZS,99.8,
Czech Republic,CZE,"Immunization, measles (% of children ages 12-23 months)",SH.IMM.MEAS,97,99
Denmark,DNK,"School enrollment, secondary (% gross)",SE.SEC.ENRR,127.054298400879,
Denmark,DNK,"Life expectancy at birth, total (years)",SP.DYN.LE00.IN,76.5926829268293,80.3024390243903
Denmark,DNK,Improved sanitation facilities (% of population with access),SH.STA.ACSN,100,
Denmark,DNK,Improved water source (% of population with access),SH.H2O.SAFE.ZS,100,
Denmark,DNK,"Immunization, measles (% of children ages 12-23 months)",SH.IMM.MEAS,99,89
Djibouti,DJI,"School enrollment, secondary (% gross)",SE.SEC.ENRR,13.970419883728,46.1701889038086
Djibouti,DJI,"Life expectancy at birth, total (years)",SP.DYN.LE00.IN,57.0103414634146,61.7869512195122
Djibouti,DJI,Improved sanitation facilities (% of population with access),SH.STA.ACSN,61.8,
Djibouti,DJI,Improved water source (% of population with access),SH.H2O.SAFE.ZS,82.3,
Djibouti,DJI,"Immunization, measles (% of children ages 12-23 months)",SH.IMM.MEAS,50,80
Dominica,DMA,"School enrollment, secondary (% gross)",SE.SEC.ENRR,105.660652160645,
Dominica,DMA,"Life expectancy at birth, total (years)",SP.DYN.LE00.IN,,
Dominica,DMA,Improved sanitation facilities (% of population with access),SH.STA.ACSN,81.1,
Dominica,DMA,Improved water source (% of population with access),SH.H2O.SAFE.ZS,94.5,
Dominica,DMA,"Immunization, measles (% of children ages 12-23 months)",SH.IMM.MEAS,99,93
Dominican Republic,DOM,"School enrollment, secondary (% gross)",SE.SEC.ENRR,58.8408317565918,
Dominican Republic,DOM,"Life expectancy at birth, total (years)",SP.DYN.LE00.IN,70.6327317073171,73.4509512195122
Dominican Republic,DOM,Improved sanitation facilities (% of population with access),SH.STA.ACSN,77.4,
Dominican Republic,DOM,Improved water source (% of population with access),SH.H2O.SAFE.ZS,85.8,
Dominican Republic,DOM,"Immunization, measles (% of children ages 12-23 months)",SH.IMM.MEAS,85,79
Ecuador,ECU,"School enrollment, secondary (% gross)",SE.SEC.ENRR,58.7543296813965,103.284156799316
Ecuador,ECU,"Life expectancy at birth, total (years)",SP.DYN.LE00.IN,73.3568536585366,76.4650731707317
Ecuador,ECU,Improved sanitation facilities (% of population with access),SH.STA.ACSN,69.6,
Ecuador,ECU,Improved water source (% of population with access),SH.H2O.SAFE.ZS,79.6,
Ecuador,ECU,"Immunization, measles (% of children ages 12-23 months)",SH.IMM.MEAS,99,97
"Egypt, Arab Rep.",EGY,"School enrollment, secondary (% gross)",SE.SEC.ENRR,85.8344573974609,
"Egypt, Arab Rep.",EGY,"Life expectancy at birth, total (years)",SP.DYN.LE00.IN,68.591243902439,71.1329268292683
"Egypt, Arab Rep.",EGY,Improved sanitation facilities (% of population with access),SH.STA.ACSN,85.6,
"Egypt, Arab Rep.",EGY,Improved water source (% of population with access),SH.H2O.SAFE.ZS,96.1,
"Egypt, Arab Rep.",EGY,"Immunization, measles (% of children ages 12-23 months)",SH.IMM.MEAS,98,96
El Salvador,SLV,"School enrollment, secondary (% gross)",SE.SEC.ENRR,53.7911796569824,70.1983413696289
El Salvador,SLV,"Life expectancy at birth, total (years)",SP.DYN.LE00.IN,69.5587804878049,72.3389268292683
El Salvador,SLV,Improved sanitation facilities (% of population with access),SH.STA.ACSN,61.3,
El Salvador,SLV,Improved water source (% of population with access),SH.H2O.SAFE.ZS,83.6,
El Salvador,SLV,"Immunization, measles (% of children ages 12-23 months)",SH.IMM.MEAS,97,94
Equatorial Guinea,GNQ,"School enrollment, secondary (% gross)",SE.SEC.ENRR,31.276439666748,
Equatorial Guinea,GNQ,"Life expectancy at birth, total (years)",SP.DYN.LE00.IN,47.7637073170732,53.1145609756098
Equatorial Guinea,GNQ,Improved sanitation facilities (% of population with access),SH.STA.ACSN,88.9,
Equatorial Guinea,GNQ,Improved water source (% of population with access),SH.H2O.SAFE.ZS,50.9,
Equatorial Guinea,GNQ,"Immunization, measles (% of children ages 12-23 months)",SH.IMM.MEAS,51,42
Eritrea,ERI,"School enrollment, secondary (% gross)",SE.SEC.ENRR,,
Eritrea,ERI,"Life expectancy at birth, total (years)",SP.DYN.LE00.IN,56.0265365853659,62.7546341463415
Eritrea,ERI,Improved sanitation facilities (% of population with access),SH.STA.ACSN,11.3,
Eritrea,ERI,Improved water source (% of population with access),SH.H2O.SAFE.ZS,53.7,
Eritrea,ERI,"Immunization, measles (% of children ages 12-23 months)",SH.IMM.MEAS,76,96
Estonia,EST,"School enrollment, secondary (% gross)",SE.SEC.ENRR,93.1964111328125,
Estonia,EST,"Life expectancy at birth, total (years)",SP.DYN.LE00.IN,70.4170731707317,76.4243902439025
Estonia,EST,Improved sanitation facilities (% of population with access),SH.STA.ACSN,95.1,
Estonia,EST,Improved water source (% of population with access),SH.H2O.SAFE.ZS,99.1,
Estonia,EST,"Immunization, measles (% of children ages 12-23 months)",SH.IMM.MEAS,93,94
Ethiopia,ETH,"School enrollment, secondary (% gross)",SE.SEC.ENRR,13.6440896987915,
Ethiopia,ETH,"Life expectancy at birth, total (years)",SP.DYN.LE00.IN,52.2411463414634,63.6173414634146
Ethiopia,ETH,Improved sanitation facilities (% of population with access),SH.STA.ACSN,8.2,
Ethiopia,ETH,Improved water source (% of population with access),SH.H2O.SAFE.ZS,29,
Ethiopia,ETH,"Immunization, measles (% of children ages 12-23 months)",SH.IMM.MEAS,36,62
Faeroe Islands,FRO,"School enrollment, secondary (% gross)",SE.SEC.ENRR,,
Faeroe Islands,FRO,"Life expectancy at birth, total (years)",SP.DYN.LE00.IN,78.4365853658537,81.3
Faeroe Islands,FRO,Improved sanitation facilities (% of population with access),SH.STA.ACSN,,
Faeroe Islands,FRO,Improved water source (% of population with access),SH.H2O.SAFE.ZS,,
Faeroe Islands,FRO,"Immunization, measles (% of children ages 12-23 months)",SH.IMM.MEAS,,
Fiji,FJI,"School enrollment, secondary (% gross)",SE.SEC.ENRR,78.481071472168,
Fiji,FJI,"Life expectancy at birth, total (years)",SP.DYN.LE00.IN,67.6058536585366,69.923
Fiji,FJI,Improved sanitation facilities (% of population with access),SH.STA.ACSN,74.2,
Fiji,FJI,Improved water source (% of population with access),SH.H2O.SAFE.ZS,91.2,
Fiji,FJI,"Immunization, measles (% of children ages 12-23 months)",SH.IMM.MEAS,81,94
Finland,FIN,"School enrollment, secondary (% gross)",SE.SEC.ENRR,124.759178161621,
Finland,FIN,"Life expectancy at birth, total (years)",SP.DYN.LE00.IN,77.4658536585366,80.8317073170732
Finland,FIN,Improved sanitation facilities (% of population with access),SH.STA.ACSN,100,
Finland,FIN,Improved water source (% of population with access),SH.H2O.SAFE.ZS,100,
Finland,FIN,"Immunization, measles (% of children ages 12-23 months)",SH.IMM.MEAS,96,97
France,FRA,"School enrollment, secondary (% gross)",SE.SEC.ENRR,106.483489990234,
France,FRA,"Life expectancy at birth, total (years)",SP.DYN.LE00.IN,79.0560975609756,81.9682926829268
France,FRA,Improved sanitation facilities (% of population with access),SH.STA.ACSN,100,
France,FRA,Improved water source (% of population with access),SH.H2O.SAFE.ZS,100,
France,FRA,"Immunization, measles (% of children ages 12-23 months)",SH.IMM.MEAS,84,89
French Polynesia,PYF,"School enrollment, secondary (% gross)",SE.SEC.ENRR,,
French Polynesia,PYF,"Life expectancy at birth, total (years)",SP.DYN.LE00.IN,72.45,76.3390487804878
French Polynesia,PYF,Improved sanitation facilities (% of population with access),SH.STA.ACSN,98,
French Polynesia,PYF,Improved water source (% of population with access),SH.H2O.SAFE.ZS,100,
French Polynesia,PYF,"Immunization, measles (% of children ages 12-23 months)",SH.IMM.MEAS,,
Gabon,GAB,"School enrollment, secondary (% gross)",SE.SEC.ENRR,,
Gabon,GAB,"Life expectancy at birth, total (years)",SP.DYN.LE00.IN,59.6880243902439,63.441
Gabon,GAB,Improved sanitation facilities (% of population with access),SH.STA.ACSN,38.8,
Gabon,GAB,Improved water source (% of population with access),SH.H2O.SAFE.ZS,83.8,
Gabon,GAB,"Immunization, measles (% of children ages 12-23 months)",SH.IMM.MEAS,55,70
"Gambia, The",GMB,"School enrollment, secondary (% gross)",SE.SEC.ENRR,,
"Gambia, The",GMB,"Life expectancy at birth, total (years)",SP.DYN.LE00.IN,55.1712195121951,58.8313414634146
"Gambia, The",GMB,Improved sanitation facilities (% of population with access),SH.STA.ACSN,60.9,
"Gambia, The",GMB,Improved water source (% of population with access),SH.H2O.SAFE.ZS,82.8,
"Gambia, The",GMB,"Immunization, measles (% of children ages 12-23 months)",SH.IMM.MEAS,89,96
Georgia,GEO,"School enrollment, secondary (% gross)",SE.SEC.ENRR,78.8597717285156,100.624526977539
Georgia,GEO,"Life expectancy at birth, total (years)",SP.DYN.LE00.IN,71.6303414634146,74.079512195122
Georgia,GEO,Improved sanitation facilities (% of population with access),SH.STA.ACSN,95.4,
Georgia,GEO,Improved water source (% of population with access),SH.H2O.SAFE.ZS,89.2,
Georgia,GEO,"Immunization, measles (% of children ages 12-23 months)",SH.IMM.MEAS,73,96
Germany,DEU,"School enrollment, secondary (% gross)",SE.SEC.ENRR,96.3351593017578,
Germany,DEU,"Life expectancy at birth, total (years)",SP.DYN.LE00.IN,77.9268292682927,81.0439024390244
Germany,DEU,Improved sanitation facilities (% of population with access),SH.STA.ACSN,100,
Germany,DEU,Improved water source (% of population with access),SH.H2O.SAFE.ZS,100,
Germany,DEU,"Immunization, measles (% of children ages 12-23 months)",SH.IMM.MEAS,92,97
Ghana,GHA,"School enrollment, secondary (% gross)",SE.SEC.ENRR,41.0350303649902,70.8663101196289
Ghana,GHA,"Life expectancy at birth, total (years)",SP.DYN.LE00.IN,56.9875853658537,61.0986341463415
Ghana,GHA,Improved sanitation facilities (% of population with access),SH.STA.ACSN,10.3,
Ghana,GHA,Improved water source (% of population with access),SH.H2O.SAFE.ZS,70.8,
Ghana,GHA,"Immunization, measles (% of children ages 12-23 months)",SH.IMM.MEAS,90,89
Greece,GRC,"School enrollment, secondary (% gross)",SE.SEC.ENRR,89.375617980957,
Greece,GRC,"Life expectancy at birth, total (years)",SP.DYN.LE00.IN,77.8878048780488,80.6341463414634
Greece,GRC,Improved sanitation facilities (% of population with access),SH.STA.ACSN,98.2,
Greece,GRC,Improved water source (% of population with access),SH.H2O.SAFE.ZS,98.9,
Greece,GRC,"Immunization, measles (% of children ages 12-23 months)",SH.IMM.MEAS,89,99
Greenland,GRL,"School enrollment, secondary (% gross)",SE.SEC.ENRR,,
Greenland,GRL,"Life expectancy at birth, total (years)",SP.DYN.LE00.IN,66.8926829268293,
Greenland,GRL,Improved sanitation facilities (% of population with access),SH.STA.ACSN,100,
Greenland,GRL,Improved water source (% of population with access),SH.H2O.SAFE.ZS,100,
Greenland,GRL,"Immunization, measles (% of children ages 12-23 months)",SH.IMM.MEAS,,
Grenada,GRD,"School enrollment, secondary (% gross)",SE.SEC.ENRR,,
Grenada,GRD,"Life expectancy at birth, total (years)",SP.DYN.LE00.IN,70.2531219512195,72.7413414634146
Grenada,GRD,Improved sanitation facilities (% of population with access),SH.STA.ACSN,98,
Grenada,GRD,Improved water source (% of population with access),SH.H2O.SAFE.ZS,96.6,
Grenada,GRD,"Immunization, measles (% of children ages 12-23 months)",SH.IMM.MEAS,92,94
Guam,GUM,"School enrollment, secondary (% gross)",SE.SEC.ENRR,,
Guam,GUM,"Life expectancy at birth, total (years)",SP.DYN.LE00.IN,75.0980243902439,78.8751219512195
Guam,GUM,Improved sanitation facilities (% of population with access),SH.STA.ACSN,89.2,
Guam,GUM,Improved water source (% of population with access),SH.H2O.SAFE.ZS,99.6,
Guam,GUM,"Immunization, measles (% of children ages 12-23 months)",SH.IMM.MEAS,,
Guatemala,GTM,"School enrollment, secondary (% gross)",SE.SEC.ENRR,38.0253410339355,
Guatemala,GTM,"Life expectancy at birth, total (years)",SP.DYN.LE00.IN,67.7412195121951,71.9928292682927
Guatemala,GTM,Improved sanitation facilities (% of population with access),SH.STA.ACSN,71,
Guatemala,GTM,Improved water source (% of population with access),SH.H2O.SAFE.ZS,87.4,
Guatemala,GTM,"Immunization, measles (% of children ages 12-23 months)",SH.IMM.MEAS,86,85
Guinea,GIN,"School enrollment, secondary (% gross)",SE.SEC.ENRR,,
Guinea,GIN,"Life expectancy at birth, total (years)",SP.DYN.LE00.IN,51.2499268292683,56.0916585365854
Guinea,GIN,Improved sanitation facilities (% of population with access),SH.STA.ACSN,12.9,
Guinea,GIN,Improved water source (% of population with access),SH.H2O.SAFE.ZS,62.7,
Guinea,GIN,"Immunization, measles (% of children ages 12-23 months)",SH.IMM.MEAS,42,62
Guinea-Bissau,GNB,"School enrollment, secondary (% gross)",SE.SEC.ENRR,17.8848896026611,
Guinea-Bissau,GNB,"Life expectancy at birth, total (years)",SP.DYN.LE00.IN,51.4469268292683,54.2717073170732
Guinea-Bissau,GNB,Improved sanitation facilities (% of population with access),SH.STA.ACSN,12.2,
Guinea-Bissau,GNB,Improved water source (% of population with access),SH.H2O.SAFE.ZS,51.9,
Guinea-Bissau,GNB,"Immunization, measles (% of children ages 12-23 months)",SH.IMM.MEAS,71,69
Guyana,GUY,"School enrollment, secondary (% gross)",SE.SEC.ENRR,,
Guyana,GUY,"Life expectancy at birth, total (years)",SP.DYN.LE00.IN,63.484756097561,66.2079024390244
Guyana,GUY,Improved sanitation facilities (% of population with access),SH.STA.ACSN,79.2,
Guyana,GUY,Improved water source (% of population with access),SH.H2O.SAFE.ZS,86.2,
Guyana,GUY,"Immunization, measles (% of children ages 12-23 months)",SH.IMM.MEAS,86,99
Haiti,HTI,"School enrollment, secondary (% gross)",SE.SEC.ENRR,,
Haiti,HTI,"Life expectancy at birth, total (years)",SP.DYN.LE00.IN,57.4227804878049,63.0588536585366
Haiti,HTI,Improved sanitation facilities (% of population with access),SH.STA.ACSN,20.8,
Haiti,HTI,Improved water source (% of population with access),SH.H2O.SAFE.ZS,60.9,
Haiti,HTI,"Immunization, measles (% of children ages 12-23 months)",SH.IMM.MEAS,55,65
Honduras,HND,"School enrollment, secondary (% gross)",SE.SEC.ENRR,,70.9721221923828
Honduras,HND,"Life expectancy at birth, total (years)",SP.DYN.LE00.IN,70.4841463414634,73.8030487804878
Honduras,HND,Improved sanitation facilities (% of population with access),SH.STA.ACSN,63.3,
Honduras,HND,Improved water source (% of population with access),SH.H2O.SAFE.ZS,80.8,
Honduras,HND,"Immunization, measles (% of children ages 12-23 months)",SH.IMM.MEAS,98,89
"Hong Kong SAR, China",HKG,"School enrollment, secondary (% gross)",SE.SEC.ENRR,,99.3034362792969
"Hong Kong SAR, China",HKG,"Life expectancy at birth, total (years)",SP.DYN.LE00.IN,80.8780487804878,83.8317073170732
"Hong Kong SAR, China",HKG,Improved sanitation facilities (% of population with access),SH.STA.ACSN,,
"Hong Kong SAR, China",HKG,Improved water source (% of population with access),SH.H2O.SAFE.ZS,,
"Hong Kong SAR, China",HKG,"Immunization, measles (% of children ages 12-23 months)",SH.IMM.MEAS,,
Hungary,HUN,"School enrollment, secondary (% gross)",SE.SEC.ENRR,96.1834030151367,
Hungary,HUN,"Life expectancy at birth, total (years)",SP.DYN.LE00.IN,71.2463414634146,75.2682926829268
Hungary,HUN,Improved sanitation facilities (% of population with access),SH.STA.ACSN,100,
Hungary,HUN,Improved water source (% of population with access),SH.H2O.SAFE.ZS,99,
Hungary,HUN,"Immunization, measles (% of children ages 12-23 months)",SH.IMM.MEAS,99,99
Iceland,ISL,"School enrollment, secondary (% gross)",SE.SEC.ENRR,107.40357208252,
Iceland,ISL,"Life expectancy at birth, total (years)",SP.DYN.LE00.IN,79.6536585365854,83.1170731707317
Iceland,ISL,Improved sanitation facilities (% of population with access),SH.STA.ACSN,100,
Iceland,ISL,Improved water source (% of population with access),SH.H2O.SAFE.ZS,100,
Iceland,ISL,"Immunization, measles (% of children ages 12-23 months)",SH.IMM.MEAS,91,91
India,IND,"School enrollment, secondary (% gross)",SE.SEC.ENRR,46.0934410095215,
India,IND,"Life expectancy at birth, total (years)",SP.DYN.LE00.IN,62.1618536585366,66.456243902439
India,IND,Improved sanitation facilities (% of population with access),SH.STA.ACSN,25.5,
India,IND,Improved water source (% of population with access),SH.H2O.SAFE.ZS,80.6,
India,IND,"Immunization, measles (% of children ages 12-23 months)",SH.IMM.MEAS,59,74
Indonesia,IDN,"School enrollment, secondary (% gross)",SE.SEC.ENRR,55.8185997009277,
Indonesia,IDN,"Life expectancy at birth, total (years)",SP.DYN.LE00.IN,67.2512195121951,70.8174390243903
Indonesia,IDN,Improved sanitation facilities (% of population with access),SH.STA.ACSN,47.1,
Indonesia,IDN,Improved water source (% of population with access),SH.H2O.SAFE.ZS,77.7,
Indonesia,IDN,"Immunization, measles (% of children ages 12-23 months)",SH.IMM.MEAS,76,84
"Iran, Islamic Rep.",IRN,"School enrollment, secondary (% gross)",SE.SEC.ENRR,78.6940383911133,
"Iran, Islamic Rep.",IRN,"Life expectancy at birth, total (years)",SP.DYN.LE00.IN,69.6077073170732,74.068756097561
"Iran, Islamic Rep.",IRN,Improved sanitation facilities (% of population with access),SH.STA.ACSN,78.9,
"Iran, Islamic Rep.",IRN,Improved water source (% of population with access),SH.H2O.SAFE.ZS,94.1,
"Iran, Islamic Rep.",IRN,"Immunization, measles (% of children ages 12-23 months)",SH.IMM.MEAS,99,98
Iraq,IRQ,"School enrollment, secondary (% gross)",SE.SEC.ENRR,37.3287506103516,
Iraq,IRQ,"Life expectancy at birth, total (years)",SP.DYN.LE00.IN,70.8299268292683,69.4716829268293
Iraq,IRQ,Improved sanitation facilities (% of population with access),SH.STA.ACSN,75.2,
Iraq,IRQ,Improved water source (% of population with access),SH.H2O.SAFE.ZS,80.1,
Iraq,IRQ,"Immunization, measles (% of children ages 12-23 months)",SH.IMM.MEAS,86,63
Ireland,IRL,"School enrollment, secondary (% gross)",SE.SEC.ENRR,104.555671691895,
Ireland,IRL,"Life expectancy at birth, total (years)",SP.DYN.LE00.IN,76.5365853658537,81.0439024390244
Ireland,IRL,Improved sanitation facilities (% of population with access),SH.STA.ACSN,98.9,
Ireland,IRL,Improved water source (% of population with access),SH.H2O.SAFE.ZS,99.8,
Ireland,IRL,"Immunization, measles (% of children ages 12-23 months)",SH.IMM.MEAS,79,93
Isle of Man,IMY,"School enrollment, secondary (% gross)",SE.SEC.ENRR,,
Isle of Man,IMY,"Life expectancy at birth, total (years)",SP.DYN.LE00.IN,,
Isle of Man,IMY,Improved sanitation facilities (% of population with access),SH.STA.ACSN,,
Isle of Man,IMY,Improved water source (% of population with access),SH.H2O.SAFE.ZS,,
Isle of Man,IMY,"Immunization, measles (% of children ages 12-23 months)",SH.IMM.MEAS,,
Israel,ISR,"School enrollment, secondary (% gross)",SE.SEC.ENRR,103.003219604492,
Israel,ISR,"Life expectancy at birth, total (years)",SP.DYN.LE00.IN,78.9536585365854,82.0560975609756
Israel,ISR,Improved sanitation facilities (% of population with access),SH.STA.ACSN,100,
Israel,ISR,Improved water source (% of population with access),SH.H2O.SAFE.ZS,100,
Israel,ISR,"Immunization, measles (% of children ages 12-23 months)",SH.IMM.MEAS,97,97
Italy,ITA,"School enrollment, secondary (% gross)",SE.SEC.ENRR,93.2307434082031,
Italy,ITA,"Life expectancy at birth, total (years)",SP.DYN.LE00.IN,79.7780487804878,82.290243902439
Italy,ITA,Improved sanitation facilities (% of population with access),SH.STA.ACSN,,
Italy,ITA,Improved water source (% of population with access),SH.H2O.SAFE.ZS,100,
Italy,ITA,"Immunization, measles (% of children ages 12-23 months)",SH.IMM.MEAS,74,90
Jamaica,JAM,"School enrollment, secondary (% gross)",SE.SEC.ENRR,86.745361328125,77.7978668212891
Jamaica,JAM,"Life expectancy at birth, total (years)",SP.DYN.LE00.IN,70.4712926829268,73.4689268292683
Jamaica,JAM,Improved sanitation facilities (% of population with access),SH.STA.ACSN,79.8,
Jamaica,JAM,Improved water source (% of population with access),SH.H2O.SAFE.ZS,93.4,
Jamaica,JAM,"Immunization, measles (% of children ages 12-23 months)",SH.IMM.MEAS,88,94
Japan,JPN,"School enrollment, secondary (% gross)",SE.SEC.ENRR,101.833808898926,
Japan,JPN,"Life expectancy at birth, total (years)",SP.DYN.LE00.IN,81.0760975609756,83.3319512195122
Japan,JPN,Improved sanitation facilities (% of population with access),SH.STA.ACSN,100,
Japan,JPN,Improved water source (% of population with access),SH.H2O.SAFE.ZS,100,
Japan,JPN,"Immunization, measles (% of children ages 12-23 months)",SH.IMM.MEAS,96,95
Jordan,JOR,"School enrollment, secondary (% gross)",SE.SEC.ENRR,85.9068298339844,
Jordan,JOR,"Life expectancy at birth, total (years)",SP.DYN.LE00.IN,71.779756097561,73.9014146341463
Jordan,JOR,Improved sanitation facilities (% of population with access),SH.STA.ACSN,97.5,
Jordan,JOR,Improved water source (% of population with access),SH.H2O.SAFE.ZS,96.7,
Jordan,JOR,"Immunization, measles (% of children ages 12-23 months)",SH.IMM.MEAS,94,97
Kazakhstan,KAZ,"School enrollment, secondary (% gross)",SE.SEC.ENRR,96.2964324951172,
Kazakhstan,KAZ,"Life expectancy at birth, total (years)",SP.DYN.LE00.IN,65.5170731707317,70.45
Kazakhstan,KAZ,Improved sanitation facilities (% of population with access),SH.STA.ACSN,96.8,
Kazakhstan,KAZ,Improved water source (% of population with access),SH.H2O.SAFE.ZS,93.8,
Kazakhstan,KAZ,"Immunization, measles (% of children ages 12-23 months)",SH.IMM.MEAS,99,99
Kenya,KEN,"School enrollment, secondary (% gross)",SE.SEC.ENRR,39.336540222168,
Kenya,KEN,"Life expectancy at birth, total (years)",SP.DYN.LE00.IN,52.8401219512195,61.6839756097561
Kenya,KEN,Improved sanitation facilities (% of population with access),SH.STA.ACSN,26.9,
Kenya,KEN,Improved water source (% of population with access),SH.H2O.SAFE.ZS,51.8,
Kenya,KEN,"Immunization, measles (% of children ages 12-23 months)",SH.IMM.MEAS,78,93
Kiribati,KIR,"School enrollment, secondary (% gross)",SE.SEC.ENRR,66.5481414794922,
Kiribati,KIR,"Life expectancy at birth, total (years)",SP.DYN.LE00.IN,64.6064634146341,68.8490731707317
Kiribati,KIR,Improved sanitation facilities (% of population with access),SH.STA.ACSN,34.2,
Kiribati,KIR,Improved water source (% of population with access),SH.H2O.SAFE.ZS,58.9,
Kiribati,KIR,"Immunization, measles (% of children ages 12-23 months)",SH.IMM.MEAS,80,91
"Korea, Dem. Rep.",PRK,"School enrollment, secondary (% gross)",SE.SEC.ENRR,,
"Korea, Dem. Rep.",PRK,"Life expectancy at birth, total (years)",SP.DYN.LE00.IN,64.9825609756098,69.8069512195122
"Korea, Dem. Rep.",PRK,Improved sanitation facilities (% of population with access),SH.STA.ACSN,60.9,
"Korea, Dem. Rep.",PRK,Improved water source (% of population with access),SH.H2O.SAFE.ZS,99.7,
"Korea, Dem. Rep.",PRK,"Immunization, measles (% of children ages 12-23 months)",SH.IMM.MEAS,78,99
"Korea, Rep.",KOR,"School enrollment, secondary (% gross)",SE.SEC.ENRR,98.8852310180664,
"Korea, Rep.",KOR,"Life expectancy at birth, total (years)",SP.DYN.LE00.IN,75.8353658536585,81.459756097561
"Korea, Rep.",KOR,Improved sanitation facilities (% of population with access),SH.STA.ACSN,100,
"Korea, Rep.",KOR,Improved water source (% of population with access),SH.H2O.SAFE.ZS,93.4,
"Korea, Rep.",KOR,"Immunization, measles (% of children ages 12-23 months)",SH.IMM.MEAS,95,99
Kosovo,KSV,"School enrollment, secondary (% gross)",SE.SEC.ENRR,,
Kosovo,KSV,"Life expectancy at birth, total (years)",SP.DYN.LE00.IN,67.9512195121951,70.7975609756098
Kosovo,KSV,Improved sanitation facilities (% of population with access),SH.STA.ACSN,,
Kosovo,KSV,Improved water source (% of population with access),SH.H2O.SAFE.ZS,,
Kosovo,KSV,"Immunization, measles (% of children ages 12-23 months)",SH.IMM.MEAS,,
Kuwait,KWT,"School enrollment, secondary (% gross)",SE.SEC.ENRR,114.16251373291,
Kuwait,KWT,"Life expectancy at birth, total (years)",SP.DYN.LE00.IN,73.3552195121951,74.462756097561
Kuwait,KWT,Improved sanitation facilities (% of population with access),SH.STA.ACSN,100,
Kuwait,KWT,Improved water source (% of population with access),SH.H2O.SAFE.ZS,99,
Kuwait,KWT,"Immunization, measles (% of children ages 12-23 months)",SH.IMM.MEAS,99,99
Kyrgyz Republic,KGZ,"School enrollment, secondary (% gross)",SE.SEC.ENRR,84.2814636230469,
Kyrgyz Republic,KGZ,"Life expectancy at birth, total (years)",SP.DYN.LE00.IN,68.5585365853659,70.2024390243902
Kyrgyz Republic,KGZ,Improved sanitation facilities (% of population with access),SH.STA.ACSN,91.5,
Kyrgyz Republic,KGZ,Improved water source (% of population with access),SH.H2O.SAFE.ZS,78.7,
Kyrgyz Republic,KGZ,"Immunization, measles (% of children ages 12-23 months)",SH.IMM.MEAS,98,99
Lao PDR,LAO,"School enrollment, secondary (% gross)",SE.SEC.ENRR,34.144359588623,50.4936103820801
Lao PDR,LAO,"Life expectancy at birth, total (years)",SP.DYN.LE00.IN,61.6444634146342,68.2494146341463
Lao PDR,LAO,Improved sanitation facilities (% of population with access),SH.STA.ACSN,28,
Lao PDR,LAO,Improved water source (% of population with access),SH.H2O.SAFE.ZS,45.5,
Lao PDR,LAO,"Immunization, measles (% of children ages 12-23 months)",SH.IMM.MEAS,42,82
Latvia,LVA,"School enrollment, secondary (% gross)",SE.SEC.ENRR,91.0911178588867,
Latvia,LVA,"Life expectancy at birth, total (years)",SP.DYN.LE00.IN,70.3146341463415,73.9804878048781
Latvia,LVA,Improved sanitation facilities (% of population with access),SH.STA.ACSN,78.6,
Latvia,LVA,Improved water source (% of population with access),SH.H2O.SAFE.ZS,98.4,
Latvia,LVA,"Immunization, measles (% of children ages 12-23 months)",SH.IMM.MEAS,97,96
Lebanon,LBN,"School enrollment, secondary (% gross)",SE.SEC.ENRR,92.7477416992188,75.0457763671875
Lebanon,LBN,"Life expectancy at birth, total (years)",SP.DYN.LE00.IN,74.3908292682927,80.1288780487805
Lebanon,LBN,Improved sanitation facilities (% of population with access),SH.STA.ACSN,98.2,
Lebanon,LBN,Improved water source (% of population with access),SH.H2O.SAFE.ZS,100,
Lebanon,LBN,"Immunization, measles (% of children ages 12-23 months)",SH.IMM.MEAS,71,79
Lesotho,LSO,"School enrollment, secondary (% gross)",SE.SEC.ENRR,32.4483985900879,
Lesotho,LSO,"Life expectancy at birth, total (years)",SP.DYN.LE00.IN,47.1829756097561,49.3314634146342
Lesotho,LSO,Improved sanitation facilities (% of population with access),SH.STA.ACSN,23.9,
Lesotho,LSO,Improved water source (% of population with access),SH.H2O.SAFE.ZS,79.1,
Lesotho,LSO,"Immunization, measles (% of children ages 12-23 months)",SH.IMM.MEAS,74,92
Liberia,LBR,"School enrollment, secondary (% gross)",SE.SEC.ENRR,35.2045516967773,
Liberia,LBR,"Life expectancy at birth, total (years)",SP.DYN.LE00.IN,52.4091219512195,60.5318780487805
Liberia,LBR,Improved sanitation facilities (% of population with access),SH.STA.ACSN,13.6,
Liberia,LBR,Improved water source (% of population with access),SH.H2O.SAFE.ZS,61.2,
Liberia,LBR,"Immunization, measles (% of children ages 12-23 months)",SH.IMM.MEAS,63,74
Libya,LBY,"School enrollment, secondary (% gross)",SE.SEC.ENRR,,
Libya,LBY,"Life expectancy at birth, total (years)",SP.DYN.LE00.IN,71.9662195121951,75.3616829268293
Libya,LBY,Improved sanitation facilities (% of population with access),SH.STA.ACSN,96.5,
Libya,LBY,Improved water source (% of population with access),SH.H2O.SAFE.ZS,54.4,
Libya,LBY,"Immunization, measles (% of children ages 12-23 months)",SH.IMM.MEAS,93,98
Liechtenstein,LIE,"School enrollment, secondary (% gross)",SE.SEC.ENRR,,
Liechtenstein,LIE,"Life expectancy at birth, total (years)",SP.DYN.LE00.IN,76.8268292682927,82.3829268292683
Liechtenstein,LIE,Improved sanitation facilities (% of population with access),SH.STA.ACSN,,
Liechtenstein,LIE,Improved water source (% of population with access),SH.H2O.SAFE.ZS,,
Liechtenstein,LIE,"Immunization, measles (% of children ages 12-23 months)",SH.IMM.MEAS,,
Lithuania,LTU,"School enrollment, secondary (% gross)",SE.SEC.ENRR,97.4706497192383,
Lithuania,LTU,"Life expectancy at birth, total (years)",SP.DYN.LE00.IN,72.0195121951219,74.1634146341464
Lithuania,LTU,Improved sanitation facilities (% of population with access),SH.STA.ACSN,88.7,
Lithuania,LTU,Improved water source (% of population with access),SH.H2O.SAFE.ZS,91,
Lithuania,LTU,"Immunization, measles (% of children ages 12-23 months)",SH.IMM.MEAS,97,93
Luxembourg,LUX,"School enrollment, secondary (% gross)",SE.SEC.ENRR,97.0613327026367,
Luxembourg,LUX,"Life expectancy at birth, total (years)",SP.DYN.LE00.IN,77.8731707317073,81.7975609756098
Luxembourg,LUX,Improved sanitation facilities (% of population with access),SH.STA.ACSN,100,
Luxembourg,LUX,Improved water source (% of population with access),SH.H2O.SAFE.ZS,100,
Luxembourg,LUX,"Immunization, measles (% of children ages 12-23 months)",SH.IMM.MEAS,91,95
"Macao SAR, China",MAC,"School enrollment, secondary (% gross)",SE.SEC.ENRR,82.7375717163086,95.9738616943359
"Macao SAR, China",MAC,"Life expectancy at birth, total (years)",SP.DYN.LE00.IN,77.6228292682927,80.343756097561
"Macao SAR, China",MAC,Improved sanitation facilities (% of population with access),SH.STA.ACSN,,
"Macao SAR, China",MAC,Improved water source (% of population with access),SH.H2O.SAFE.ZS,,
"Macao SAR, China",MAC,"Immunization, measles (% of children ages 12-23 months)",SH.IMM.MEAS,,
"Macedonia, FYR",MKD,"School enrollment, secondary (% gross)",SE.SEC.ENRR,82.9193496704102,
"Macedonia, FYR",MKD,"Life expectancy at birth, total (years)",SP.DYN.LE00.IN,73.2421951219512,75.1880243902439
"Macedonia, FYR",MKD,Improved sanitation facilities (% of population with access),SH.STA.ACSN,89.9,
"Macedonia, FYR",MKD,Improved water source (% of population with access),SH.H2O.SAFE.ZS,99.3,
"Macedonia, FYR",MKD,"Immunization, measles (% of children ages 12-23 months)",SH.IMM.MEAS,97,96
Madagascar,MDG,"School enrollment, secondary (% gross)",SE.SEC.ENRR,,38.3909301757813
Madagascar,MDG,"Life expectancy at birth, total (years)",SP.DYN.LE00.IN,58.4728048780488,64.6913902439024
Madagascar,MDG,Improved sanitation facilities (% of population with access),SH.STA.ACSN,10.6,
Madagascar,MDG,Improved water source (% of population with access),SH.H2O.SAFE.ZS,38.1,
Madagascar,MDG,"Immunization, measles (% of children ages 12-23 months)",SH.IMM.MEAS,57,63
Malawi,MWI,"School enrollment, secondary (% gross)",SE.SEC.ENRR,32.0465202331543,36.599781036377
Malawi,MWI,"Life expectancy at birth, total (years)",SP.DYN.LE00.IN,46.0342195121951,55.2347073170732
Malawi,MWI,Improved sanitation facilities (% of population with access),SH.STA.ACSN,10.2,
Malawi,MWI,Improved water source (% of population with access),SH.H2O.SAFE.ZS,62.5,
Malawi,MWI,"Immunization, measles (% of children ages 12-23 months)",SH.IMM.MEAS,73,88
Malaysia,MYS,"School enrollment, secondary (% gross)",SE.SEC.ENRR,66.1592483520508,
Malaysia,MYS,"Life expectancy at birth, total (years)",SP.DYN.LE00.IN,72.8514146341463,75.0162682926829
Malaysia,MYS,Improved sanitation facilities (% of population with access),SH.STA.ACSN,92.3,
Malaysia,MYS,Improved water source (% of population with access),SH.H2O.SAFE.ZS,96.4,
Malaysia,MYS,"Immunization, measles (% of children ages 12-23 months)",SH.IMM.MEAS,96,95
Maldives,MDV,"School enrollment, secondary (% gross)",SE.SEC.ENRR,53.7426490783691,
Maldives,MDV,"Life expectancy at birth, total (years)",SP.DYN.LE00.IN,69.4616097560976,77.9353658536585
Maldives,MDV,Improved sanitation facilities (% of population with access),SH.STA.ACSN,79.4,
Maldives,MDV,Improved water source (% of population with access),SH.H2O.SAFE.ZS,95.2,
Maldives,MDV,"Immunization, measles (% of children ages 12-23 months)",SH.IMM.MEAS,99,99
Mali,MLI,"School enrollment, secondary (% gross)",SE.SEC.ENRR,18.5210399627686,44.9463005065918
Mali,MLI,"Life expectancy at birth, total (years)",SP.DYN.LE00.IN,49.0554878048781,55.013512195122
Mali,MLI,Improved sanitation facilities (% of population with access),SH.STA.ACSN,18.2,
Mali,MLI,Improved water source (% of population with access),SH.H2O.SAFE.ZS,45.5,
Mali,MLI,"Immunization, measles (% of children ages 12-23 months)",SH.IMM.MEAS,49,72
Malta,MLT,"School enrollment, secondary (% gross)",SE.SEC.ENRR,79.7409286499023,
Malta,MLT,"Life expectancy at birth, total (years)",SP.DYN.LE00.IN,78.2,80.7463414634146
Malta,MLT,Improved sanitation facilities (% of population with access),SH.STA.ACSN,100,
Malta,MLT,Improved water source (% of population with access),SH.H2O.SAFE.ZS,100,
Malta,MLT,"Immunization, measles (% of children ages 12-23 months)",SH.IMM.MEAS,74,99
Marshall Islands,MHL,"School enrollment, secondary (% gross)",SE.SEC.ENRR,,
Marshall Islands,MHL,"Life expectancy at birth, total (years)",SP.DYN.LE00.IN,65.2390243902439,
Marshall Islands,MHL,Improved sanitation facilities (% of population with access),SH.STA.ACSN,70.1,
Marshall Islands,MHL,Improved water source (% of population with access),SH.H2O.SAFE.ZS,93.1,
Marshall Islands,MHL,"Immunization, measles (% of children ages 12-23 months)",SH.IMM.MEAS,94,70
Mauritania,MRT,"School enrollment, secondary (% gross)",SE.SEC.ENRR,18.0220909118652,29.5032691955566
Mauritania,MRT,"Life expectancy at birth, total (years)",SP.DYN.LE00.IN,59.6729268292683,61.511756097561
Mauritania,MRT,Improved sanitation facilities (% of population with access),SH.STA.ACSN,20.6,
Mauritania,MRT,Improved water source (% of population with access),SH.H2O.SAFE.ZS,40.4,
Mauritania,MRT,"Immunization, measles (% of children ages 12-23 months)",SH.IMM.MEAS,46,80
Mauritius,MUS,"School enrollment, secondary (% gross)",SE.SEC.ENRR,76.8169326782227,
Mauritius,MUS,"Life expectancy at birth, total (years)",SP.DYN.LE00.IN,71.6634146341463,74.46
Mauritius,MUS,Improved sanitation facilities (% of population with access),SH.STA.ACSN,89.1,
Mauritius,MUS,Improved water source (% of population with access),SH.H2O.SAFE.ZS,99.2,
Mauritius,MUS,"Immunization, measles (% of children ages 12-23 months)",SH.IMM.MEAS,84,99
Mexico,MEX,"School enrollment, secondary (% gross)",SE.SEC.ENRR,70.03662109375,
Mexico,MEX,"Life expectancy at birth, total (years)",SP.DYN.LE00.IN,74.2652682926829,77.3540243902439
Mexico,MEX,Improved sanitation facilities (% of population with access),SH.STA.ACSN,75.3,
Mexico,MEX,Improved water source (% of population with access),SH.H2O.SAFE.ZS,88.6,
Mexico,MEX,"Immunization, measles (% of children ages 12-23 months)",SH.IMM.MEAS,96,89
"Micronesia, Fed. Sts.",FSM,"School enrollment, secondary (% gross)",SE.SEC.ENRR,,
"Micronesia, Fed. Sts.",FSM,"Life expectancy at birth, total (years)",SP.DYN.LE00.IN,67.275243902439,68.9609756097561
"Micronesia, Fed. Sts.",FSM,Improved sanitation facilities (% of population with access),SH.STA.ACSN,33.6,
"Micronesia, Fed. Sts.",FSM,Improved water source (% of population with access),SH.H2O.SAFE.ZS,90.1,
"Micronesia, Fed. Sts.",FSM,"Immunization, measles (% of children ages 12-23 months)",SH.IMM.MEAS,85,91
Moldova,MDA,"School enrollment, secondary (% gross)",SE.SEC.ENRR,81.591423034668,88.336051940918
Moldova,MDA,"Life expectancy at birth, total (years)",SP.DYN.LE00.IN,66.898,68.811512195122
Moldova,MDA,Improved sanitation facilities (% of population with access),SH.STA.ACSN,78.6,
Moldova,MDA,Improved water source (% of population with access),SH.H2O.SAFE.ZS,93.4,
Moldova,MDA,"Immunization, measles (% of children ages 12-23 months)",SH.IMM.MEAS,89,91
Monaco,MCO,"School enrollment, secondary (% gross)",SE.SEC.ENRR,,
Monaco,MCO,"Life expectancy at birth, total (years)",SP.DYN.LE00.IN,,
Monaco,MCO,Improved sanitation facilities (% of population with access),SH.STA.ACSN,100,
Monaco,MCO,Improved water source (% of population with access),SH.H2O.SAFE.ZS,100,
Monaco,MCO,"Immunization, measles (% of children ages 12-23 months)",SH.IMM.MEAS,99,99
Mongolia,MNG,"School enrollment, secondary (% gross)",SE.SEC.ENRR,65.1172180175781,
Mongolia,MNG,"Life expectancy at birth, total (years)",SP.DYN.LE00.IN,62.9237073170732,67.5481951219512
Mongolia,MNG,Improved sanitation facilities (% of population with access),SH.STA.ACSN,48.6,
Mongolia,MNG,Improved water source (% of population with access),SH.H2O.SAFE.ZS,68.4,
Mongolia,MNG,"Immunization, measles (% of children ages 12-23 months)",SH.IMM.MEAS,92,97
Montenegro,MNE,"School enrollment, secondary (% gross)",SE.SEC.ENRR,,
Montenegro,MNE,"Life expectancy at birth, total (years)",SP.DYN.LE00.IN,74.0213658536586,74.7583658536585
Montenegro,MNE,Improved sanitation facilities (% of population with access),SH.STA.ACSN,89.8,
Montenegro,MNE,Improved water source (% of population with access),SH.H2O.SAFE.ZS,97.8,
Montenegro,MNE,"Immunization, measles (% of children ages 12-23 months)",SH.IMM.MEAS,,88
Morocco,MAR,"School enrollment, secondary (% gross)",SE.SEC.ENRR,38.1168785095215,
Morocco,MAR,"Life expectancy at birth, total (years)",SP.DYN.LE00.IN,68.1385853658537,70.8721219512195
Morocco,MAR,Improved sanitation facilities (% of population with access),SH.STA.ACSN,63.9,
Morocco,MAR,Improved water source (% of population with access),SH.H2O.SAFE.ZS,78.1,
Morocco,MAR,"Immunization, measles (% of children ages 12-23 months)",SH.IMM.MEAS,93,99
Mozambique,MOZ,"School enrollment, secondary (% gross)",SE.SEC.ENRR,6.05140018463135,26.0463008880615
Mozambique,MOZ,"Life expectancy at birth, total (years)",SP.DYN.LE00.IN,47.4254146341464,50.1733658536585
Mozambique,MOZ,Improved sanitation facilities (% of population with access),SH.STA.ACSN,14.1,
Mozambique,MOZ,Improved water source (% of population with access),SH.H2O.SAFE.ZS,41.1,
Mozambique,MOZ,"Immunization, measles (% of children ages 12-23 months)",SH.IMM.MEAS,71,85
Myanmar,MMR,"School enrollment, secondary (% gross)",SE.SEC.ENRR,35.8887901306152,
Myanmar,MMR,"Life expectancy at birth, total (years)",SP.DYN.LE00.IN,62.0242195121951,65.0996829268293
Myanmar,MMR,Improved sanitation facilities (% of population with access),SH.STA.ACSN,60.6,
Myanmar,MMR,Improved water source (% of population with access),SH.H2O.SAFE.ZS,66.9,
Myanmar,MMR,"Immunization, measles (% of children ages 12-23 months)",SH.IMM.MEAS,84,86
Namibia,NAM,"School enrollment, secondary (% gross)",SE.SEC.ENRR,60.1695709228516,
Namibia,NAM,"Life expectancy at birth, total (years)",SP.DYN.LE00.IN,55.1207073170732,64.3438780487805
Namibia,NAM,Improved sanitation facilities (% of population with access),SH.STA.ACSN,27.7,
Namibia,NAM,Improved water source (% of population with access),SH.H2O.SAFE.ZS,79.1,
Namibia,NAM,"Immunization, measles (% of children ages 12-23 months)",SH.IMM.MEAS,69,82
Nepal,NPL,"School enrollment, secondary (% gross)",SE.SEC.ENRR,36.9778900146484,66.59033203125
Nepal,NPL,"Life expectancy at birth, total (years)",SP.DYN.LE00.IN,62.0427073170732,68.4038536585366
Nepal,NPL,Improved sanitation facilities (% of population with access),SH.STA.ACSN,20.6,
Nepal,NPL,Improved water source (% of population with access),SH.H2O.SAFE.ZS,77.1,
Nepal,NPL,"Immunization, measles (% of children ages 12-23 months)",SH.IMM.MEAS,71,88
Netherlands,NLD,"School enrollment, secondary (% gross)",SE.SEC.ENRR,123.41104888916,
Netherlands,NLD,"Life expectancy at birth, total (years)",SP.DYN.LE00.IN,77.9878048780488,81.1048780487805
Netherlands,NLD,Improved sanitation facilities (% of population with access),SH.STA.ACSN,100,
Netherlands,NLD,Improved water source (% of population with access),SH.H2O.SAFE.ZS,100,
Netherlands,NLD,"Immunization, measles (% of children ages 12-23 months)",SH.IMM.MEAS,96,96
New Caledonia,NCL,"School enrollment, secondary (% gross)",SE.SEC.ENRR,,
New Caledonia,NCL,"Life expectancy at birth, total (years)",SP.DYN.LE00.IN,75.1634146341463,77.1219512195122
New Caledonia,NCL,Improved sanitation facilities (% of population with access),SH.STA.ACSN,100,
New Caledonia,NCL,Improved water source (% of population with access),SH.H2O.SAFE.ZS,94,
New Caledonia,NCL,"Immunization, measles (% of children ages 12-23 months)",SH.IMM.MEAS,,
New Zealand,NZL,"School enrollment, secondary (% gross)",SE.SEC.ENRR,110.64079284668,
New Zealand,NZL,"Life expectancy at birth, total (years)",SP.DYN.LE00.IN,78.6365853658537,81.4073170731707
New Zealand,NZL,Improved sanitation facilities (% of population with access),SH.STA.ACSN,,
New Zealand,NZL,Improved water source (% of population with access),SH.H2O.SAFE.ZS,100,
New Zealand,NZL,"Immunization, measles (% of children ages 12-23 months)",SH.IMM.MEAS,85,92
Nicaragua,NIC,"School enrollment, secondary (% gross)",SE.SEC.ENRR,52.4412307739258,
Nicaragua,NIC,"Life expectancy at birth, total (years)",SP.DYN.LE00.IN,69.6465853658537,74.7881707317073
Nicaragua,NIC,Improved sanitation facilities (% of population with access),SH.STA.ACSN,48,
Nicaragua,NIC,Improved water source (% of population with access),SH.H2O.SAFE.ZS,80,
Nicaragua,NIC,"Immunization, measles (% of children ages 12-23 months)",SH.IMM.MEAS,86,99
Niger,NER,"School enrollment, secondary (% gross)",SE.SEC.ENRR,7.02963018417358,
Niger,NER,"Life expectancy at birth, total (years)",SP.DYN.LE00.IN,50.7059024390244,58.4427073170732
Niger,NER,Improved sanitation facilities (% of population with access),SH.STA.ACSN,6.6,
Niger,NER,Improved water source (% of population with access),SH.H2O.SAFE.ZS,42.2,
Niger,NER,"Immunization, measles (% of children ages 12-23 months)",SH.IMM.MEAS,37,67
Nigeria,NGA,"School enrollment, secondary (% gross)",SE.SEC.ENRR,24.4598903656006,
Nigeria,NGA,"Life expectancy at birth, total (years)",SP.DYN.LE00.IN,46.624,52.4997804878049
Nigeria,NGA,Improved sanitation facilities (% of population with access),SH.STA.ACSN,32.5,
Nigeria,NGA,Improved water source (% of population with access),SH.H2O.SAFE.ZS,54.8,
Nigeria,NGA,"Immunization, measles (% of children ages 12-23 months)",SH.IMM.MEAS,33,59
Northern Mariana Islands,MNP,"School enrollment, secondary (% gross)",SE.SEC.ENRR,,
Northern Mariana Islands,MNP,"Life expectancy at birth, total (years)",SP.DYN.LE00.IN,,
Northern Mariana Islands,MNP,Improved sanitation facilities (% of population with access),SH.STA.ACSN,73.7,
Northern Mariana Islands,MNP,Improved water source (% of population with access),SH.H2O.SAFE.ZS,95.6,
Northern Mariana Islands,MNP,"Immunization, measles (% of children ages 12-23 months)",SH.IMM.MEAS,,
Norway,NOR,"School enrollment, secondary (% gross)",SE.SEC.ENRR,116.086853027344,
Norway,NOR,"Life expectancy at birth, total (years)",SP.DYN.LE00.IN,78.6341463414634,81.4512195121951
Norway,NOR,Improved sanitation facilities (% of population with access),SH.STA.ACSN,100,
Norway,NOR,Improved water source (% of population with access),SH.H2O.SAFE.ZS,100,
Norway,NOR,"Immunization, measles (% of children ages 12-23 months)",SH.IMM.MEAS,88,93
Oman,OMN,"School enrollment, secondary (% gross)",SE.SEC.ENRR,79.634162902832,
Oman,OMN,"Life expectancy at birth, total (years)",SP.DYN.LE00.IN,72.3565853658537,76.8520243902439
Oman,OMN,Improved sanitation facilities (% of population with access),SH.STA.ACSN,89,
Oman,OMN,Improved water source (% of population with access),SH.H2O.SAFE.ZS,84,
Oman,OMN,"Immunization, measles (% of children ages 12-23 months)",SH.IMM.MEAS,99,99
Pakistan,PAK,"School enrollment, secondary (% gross)",SE.SEC.ENRR,,38.3174095153809
Pakistan,PAK,"Life expectancy at birth, total (years)",SP.DYN.LE00.IN,63.8859756097561,66.5853658536585
Pakistan,PAK,Improved sanitation facilities (% of population with access),SH.STA.ACSN,37.4,
Pakistan,PAK,Improved water source (% of population with access),SH.H2O.SAFE.ZS,88.3,
Pakistan,PAK,"Immunization, measles (% of children ages 12-23 months)",SH.IMM.MEAS,59,61
Palau,PLW,"School enrollment, secondary (% gross)",SE.SEC.ENRR,86.1350173950195,88.7473526000977
Palau,PLW,"Life expectancy at birth, total (years)",SP.DYN.LE00.IN,70.4936585365854,
Palau,PLW,Improved sanitation facilities (% of population with access),SH.STA.ACSN,81,
Palau,PLW,Improved water source (% of population with access),SH.H2O.SAFE.ZS,92.2,
Palau,PLW,"Immunization, measles (% of children ages 12-23 months)",SH.IMM.MEAS,83,99
Panama,PAN,"School enrollment, secondary (% gross)",SE.SEC.ENRR,64.5222015380859,
Panama,PAN,"Life expectancy at birth, total (years)",SP.DYN.LE00.IN,75.1166341463415,77.5789512195122
Panama,PAN,Improved sanitation facilities (% of population with access),SH.STA.ACSN,67,
Panama,PAN,Improved water source (% of population with access),SH.H2O.SAFE.ZS,90.2,
Panama,PAN,"Immunization, measles (% of children ages 12-23 months)",SH.IMM.MEAS,97,92
Papua New Guinea,PNG,"School enrollment, secondary (% gross)",SE.SEC.ENRR,,
Papua New Guinea,PNG,"Life expectancy at birth, total (years)",SP.DYN.LE00.IN,58.7992926829268,62.4307317073171
Papua New Guinea,PNG,Improved sanitation facilities (% of population with access),SH.STA.ACSN,19.2,
Papua New Guinea,PNG,Improved water source (% of population with access),SH.H2O.SAFE.ZS,35.1,
Papua New Guinea,PNG,"Immunization, measles (% of children ages 12-23 months)",SH.IMM.MEAS,62,70
Paraguay,PRY,"School enrollment, secondary (% gross)",SE.SEC.ENRR,61.1736602783203,
Paraguay,PRY,"Life expectancy at birth, total (years)",SP.DYN.LE00.IN,70.0767073170732,72.2734878048781
Paraguay,PRY,Improved sanitation facilities (% of population with access),SH.STA.ACSN,58.5,
Paraguay,PRY,Improved water source (% of population with access),SH.H2O.SAFE.ZS,73.5,
Paraguay,PRY,"Immunization, measles (% of children ages 12-23 months)",SH.IMM.MEAS,92,92
Peru,PER,"School enrollment, secondary (% gross)",SE.SEC.ENRR,84.837516784668,93.9782028198242
Peru,PER,"Life expectancy at birth, total (years)",SP.DYN.LE00.IN,70.5054390243902,74.8146097560976
Peru,PER,Improved sanitation facilities (% of population with access),SH.STA.ACSN,63.2,
Peru,PER,Improved water source (% of population with access),SH.H2O.SAFE.ZS,80.6,
Peru,PER,"Immunization, measles (% of children ages 12-23 months)",SH.IMM.MEAS,97,85
Philippines,PHL,"School enrollment, secondary (% gross)",SE.SEC.ENRR,,
Philippines,PHL,"Life expectancy at birth, total (years)",SP.DYN.LE00.IN,66.7966585365854,68.7144878048781
Philippines,PHL,Improved sanitation facilities (% of population with access),SH.STA.ACSN,65.5,
Philippines,PHL,Improved water source (% of population with access),SH.H2O.SAFE.ZS,87.6,
Philippines,PHL,"Immunization, measles (% of children ages 12-23 months)",SH.IMM.MEAS,78,90
Poland,POL,"School enrollment, secondary (% gross)",SE.SEC.ENRR,100.20726776123,
Poland,POL,"Life expectancy at birth, total (years)",SP.DYN.LE00.IN,73.7487804878049,76.8487804878049
Poland,POL,Improved sanitation facilities (% of population with access),SH.STA.ACSN,89.6,
Poland,POL,Improved water source (% of population with access),SH.H2O.SAFE.ZS,,
Poland,POL,"Immunization, measles (% of children ages 12-23 months)",SH.IMM.MEAS,97,98
Portugal,PRT,"School enrollment, secondary (% gross)",SE.SEC.ENRR,105.034553527832,
Portugal,PRT,"Life expectancy at birth, total (years)",SP.DYN.LE00.IN,76.3146341463415,80.3731707317073
Portugal,PRT,Improved sanitation facilities (% of population with access),SH.STA.ACSN,97.7,
Portugal,PRT,Improved water source (% of population with access),SH.H2O.SAFE.ZS,97.9,
Portugal,PRT,"Immunization, measles (% of children ages 12-23 months)",SH.IMM.MEAS,87,98
Puerto Rico,PRI,"School enrollment, secondary (% gross)",SE.SEC.ENRR,,80.803352355957
Puerto Rico,PRI,"Life expectancy at birth, total (years)",SP.DYN.LE00.IN,76.6892682926829,78.7111951219512
Puerto Rico,PRI,Improved sanitation facilities (% of population with access),SH.STA.ACSN,99.3,
Puerto Rico,PRI,Improved water source (% of population with access),SH.H2O.SAFE.ZS,93.6,
Puerto Rico,PRI,"Immunization, measles (% of children ages 12-23 months)",SH.IMM.MEAS,,
Qatar,QAT,"School enrollment, secondary (% gross)",SE.SEC.ENRR,86.4096984863281,
Qatar,QAT,"Life expectancy at birth, total (years)",SP.DYN.LE00.IN,76.8201463414634,78.6069024390244
Qatar,QAT,Improved sanitation facilities (% of population with access),SH.STA.ACSN,100,
Qatar,QAT,Improved water source (% of population with access),SH.H2O.SAFE.ZS,100,
Qatar,QAT,"Immunization, measles (% of children ages 12-23 months)",SH.IMM.MEAS,91,99
Romania,ROM,"School enrollment, secondary (% gross)",SE.SEC.ENRR,80.7956924438477,
Romania,ROM,"Life expectancy at birth, total (years)",SP.DYN.LE00.IN,71.1634146341463,74.4634146341463
Romania,ROM,Improved sanitation facilities (% of population with access),SH.STA.ACSN,71.8,
Romania,ROM,Improved water source (% of population with access),SH.H2O.SAFE.ZS,84.2,
Romania,ROM,"Immunization, measles (% of children ages 12-23 months)",SH.IMM.MEAS,98,92
Russian Federation,RUS,"School enrollment, secondary (% gross)",SE.SEC.ENRR,,
Russian Federation,RUS,"Life expectancy at birth, total (years)",SP.DYN.LE00.IN,65.3414634146341,71.0731707317073
Russian Federation,RUS,Improved sanitation facilities (% of population with access),SH.STA.ACSN,72.1,
Russian Federation,RUS,Improved water source (% of population with access),SH.H2O.SAFE.ZS,95.1,
Russian Federation,RUS,"Immunization, measles (% of children ages 12-23 months)",SH.IMM.MEAS,97,98
Rwanda,RWA,"School enrollment, secondary (% gross)",SE.SEC.ENRR,10.5226402282715,32.5598983764648
Rwanda,RWA,"Life expectancy at birth, total (years)",SP.DYN.LE00.IN,47.6426585365854,63.9939756097561
Rwanda,RWA,Improved sanitation facilities (% of population with access),SH.STA.ACSN,47.2,
Rwanda,RWA,Improved water source (% of population with access),SH.H2O.SAFE.ZS,66.2,
Rwanda,RWA,"Immunization, measles (% of children ages 12-23 months)",SH.IMM.MEAS,74,97
Samoa,WSM,"School enrollment, secondary (% gross)",SE.SEC.ENRR,78.4719009399414,
Samoa,WSM,"Life expectancy at birth, total (years)",SP.DYN.LE00.IN,69.4873170731707,73.2648780487805
Samoa,WSM,Improved sanitation facilities (% of population with access),SH.STA.ACSN,92.2,
Samoa,WSM,Improved water source (% of population with access),SH.H2O.SAFE.ZS,93.3,
Samoa,WSM,"Immunization, measles (% of children ages 12-23 months)",SH.IMM.MEAS,93,99
San Marino,SMR,"School enrollment, secondary (% gross)",SE.SEC.ENRR,,
San Marino,SMR,"Life expectancy at birth, total (years)",SP.DYN.LE00.IN,80.619512195122,
San Marino,SMR,Improved sanitation facilities (% of population with access),SH.STA.ACSN,,
San Marino,SMR,Improved water source (% of population with access),SH.H2O.SAFE.ZS,,
San Marino,SMR,"Immunization, measles (% of children ages 12-23 months)",SH.IMM.MEAS,74,74
Sao Tome and Principe,STP,"School enrollment, secondary (% gross)",SE.SEC.ENRR,,80.3529586791992
Sao Tome and Principe,STP,"Life expectancy at birth, total (years)",SP.DYN.LE00.IN,63.2925365853659,66.2609756097561
Sao Tome and Principe,STP,Improved sanitation facilities (% of population with access),SH.STA.ACSN,20.9,
Sao Tome and Principe,STP,Improved water source (% of population with access),SH.H2O.SAFE.ZS,78.2,
Sao Tome and Principe,STP,"Immunization, measles (% of children ages 12-23 months)",SH.IMM.MEAS,69,91
Saudi Arabia,SAU,"School enrollment, secondary (% gross)",SE.SEC.ENRR,,116.167671203613
Saudi Arabia,SAU,"Life expectancy at birth, total (years)",SP.DYN.LE00.IN,72.614756097561,75.7033658536586
Saudi Arabia,SAU,Improved sanitation facilities (% of population with access),SH.STA.ACSN,96.8,
Saudi Arabia,SAU,Improved water source (% of population with access),SH.H2O.SAFE.ZS,95,
Saudi Arabia,SAU,"Immunization, measles (% of children ages 12-23 months)",SH.IMM.MEAS,94,98
Senegal,SEN,"School enrollment, secondary (% gross)",SE.SEC.ENRR,15.8522100448608,
Senegal,SEN,"Life expectancy at birth, total (years)",SP.DYN.LE00.IN,57.7742682926829,63.3507317073171
Senegal,SEN,Improved sanitation facilities (% of population with access),SH.STA.ACSN,42.7,
Senegal,SEN,Improved water source (% of population with access),SH.H2O.SAFE.ZS,66.4,
Senegal,SEN,"Immunization, measles (% of children ages 12-23 months)",SH.IMM.MEAS,48,84
Serbia,SRB,"School enrollment, secondary (% gross)",SE.SEC.ENRR,91.1882629394531,94.4092102050781
Serbia,SRB,"Life expectancy at birth, total (years)",SP.DYN.LE00.IN,71.5829268292683,75.1365853658537
Serbia,SRB,Improved sanitation facilities (% of population with access),SH.STA.ACSN,95.9,
Serbia,SRB,Improved water source (% of population with access),SH.H2O.SAFE.ZS,99.5,
Serbia,SRB,"Immunization, measles (% of children ages 12-23 months)",SH.IMM.MEAS,89,92
Seychelles,SYC,"School enrollment, secondary (% gross)",SE.SEC.ENRR,76.9874496459961,
Seychelles,SYC,"Life expectancy at birth, total (years)",SP.DYN.LE00.IN,,74.2268292682927
Seychelles,SYC,Improved sanitation facilities (% of population with access),SH.STA.ACSN,97.1,
Seychelles,SYC,Improved water source (% of population with access),SH.H2O.SAFE.ZS,96.3,
Seychelles,SYC,"Immunization, measles (% of children ages 12-23 months)",SH.IMM.MEAS,97,97
Sierra Leone,SLE,"School enrollment, secondary (% gross)",SE.SEC.ENRR,,44.658561706543
Sierra Leone,SLE,"Life expectancy at birth, total (years)",SP.DYN.LE00.IN,38.1116097560976,45.5509512195122
Sierra Leone,SLE,Improved sanitation facilities (% of population with access),SH.STA.ACSN,11.9,
Sierra Leone,SLE,Improved water source (% of population with access),SH.H2O.SAFE.ZS,47.3,
Sierra Leone,SLE,"Immunization, measles (% of children ages 12-23 months)",SH.IMM.MEAS,37,83
Singapore,SGP,"School enrollment, secondary (% gross)",SE.SEC.ENRR,,
Singapore,SGP,"Life expectancy at birth, total (years)",SP.DYN.LE00.IN,77.9512195121951,82.3463414634146
Singapore,SGP,Improved sanitation facilities (% of population with access),SH.STA.ACSN,99.7,
Singapore,SGP,Improved water source (% of population with access),SH.H2O.SAFE.ZS,100,
Singapore,SGP,"Immunization, measles (% of children ages 12-23 months)",SH.IMM.MEAS,96,95
Sint Maarten (Dutch part),SXM,"School enrollment, secondary (% gross)",SE.SEC.ENRR,,
Sint Maarten (Dutch part),SXM,"Life expectancy at birth, total (years)",SP.DYN.LE00.IN,,
Sint Maarten (Dutch part),SXM,Improved sanitation facilities (% of population with access),SH.STA.ACSN,,
Sint Maarten (Dutch part),SXM,Improved water source (% of population with access),SH.H2O.SAFE.ZS,,
Sint Maarten (Dutch part),SXM,"Immunization, measles (% of children ages 12-23 months)",SH.IMM.MEAS,,
Slovak Republic,SVK,"School enrollment, secondary (% gross)",SE.SEC.ENRR,85.8779067993164,
Slovak Republic,SVK,"Life expectancy at birth, total (years)",SP.DYN.LE00.IN,73.0512195121951,76.2609756097561
Slovak Republic,SVK,Improved sanitation facilities (% of population with access),SH.STA.ACSN,99.8,
Slovak Republic,SVK,Improved water source (% of population with access),SH.H2O.SAFE.ZS,99.8,
Slovak Republic,SVK,"Immunization, measles (% of children ages 12-23 months)",SH.IMM.MEAS,98,98
Slovenia,SVN,"School enrollment, secondary (% gross)",SE.SEC.ENRR,100.928581237793,
Slovenia,SVN,"Life expectancy at birth, total (years)",SP.DYN.LE00.IN,75.4121951219512,80.2780487804878
Slovenia,SVN,Improved sanitation facilities (% of population with access),SH.STA.ACSN,100,
Slovenia,SVN,Improved water source (% of population with access),SH.H2O.SAFE.ZS,99.6,
Slovenia,SVN,"Immunization, measles (% of children ages 12-23 months)",SH.IMM.MEAS,95,94
Solomon Islands,SLB,"School enrollment, secondary (% gross)",SE.SEC.ENRR,20.5193901062012,
Solomon Islands,SLB,"Life expectancy at birth, total (years)",SP.DYN.LE00.IN,62.8367317073171,67.7169024390244
Solomon Islands,SLB,Improved sanitation facilities (% of population with access),SH.STA.ACSN,25.5,
Solomon Islands,SLB,Improved water source (% of population with access),SH.H2O.SAFE.ZS,79.7,
Solomon Islands,SLB,"Immunization, measles (% of children ages 12-23 months)",SH.IMM.MEAS,85,76
Somalia,SOM,"School enrollment, secondary (% gross)",SE.SEC.ENRR,,
Somalia,SOM,"Life expectancy at birth, total (years)",SP.DYN.LE00.IN,50.8782682926829,55.024512195122
Somalia,SOM,Improved sanitation facilities (% of population with access),SH.STA.ACSN,21.8,
Somalia,SOM,Improved water source (% of population with access),SH.H2O.SAFE.ZS,23.5,
Somalia,SOM,"Immunization, measles (% of children ages 12-23 months)",SH.IMM.MEAS,24,46
South Africa,ZAF,"School enrollment, secondary (% gross)",SE.SEC.ENRR,84.3385314941406,110.763572692871
South Africa,ZAF,"Life expectancy at birth, total (years)",SP.DYN.LE00.IN,55.8368780487805,56.7365853658537
South Africa,ZAF,Improved sanitation facilities (% of population with access),SH.STA.ACSN,65.1,
South Africa,ZAF,Improved water source (% of population with access),SH.H2O.SAFE.ZS,86.8,
South Africa,ZAF,"Immunization, measles (% of children ages 12-23 months)",SH.IMM.MEAS,72,66
South Sudan,SSD,"School enrollment, secondary (% gross)",SE.SEC.ENRR,,
South Sudan,SSD,"Life expectancy at birth, total (years)",SP.DYN.LE00.IN,49.2344878048781,55.2412195121951
South Sudan,SSD,Improved sanitation facilities (% of population with access),SH.STA.ACSN,,
South Sudan,SSD,Improved water source (% of population with access),SH.H2O.SAFE.ZS,,
South Sudan,SSD,"Immunization, measles (% of children ages 12-23 months)",SH.IMM.MEAS,,30
Spain,ESP,"School enrollment, secondary (% gross)",SE.SEC.ENRR,111.410873413086,
Spain,ESP,"Life expectancy at birth, total (years)",SP.DYN.LE00.IN,78.9658536585366,82.4268292682927
Spain,ESP,Improved sanitation facilities (% of population with access),SH.STA.ACSN,100,
Spain,ESP,Improved water source (% of population with access),SH.H2O.SAFE.ZS,100,
Spain,ESP,"Immunization, measles (% of children ages 12-23 months)",SH.IMM.MEAS,94,95
Sri Lanka,LKA,"School enrollment, secondary (% gross)",SE.SEC.ENRR,,
Sri Lanka,LKA,"Life expectancy at birth, total (years)",SP.DYN.LE00.IN,71.1571219512195,74.2402926829268
Sri Lanka,LKA,Improved sanitation facilities (% of population with access),SH.STA.ACSN,78.7,
Sri Lanka,LKA,Improved water source (% of population with access),SH.H2O.SAFE.ZS,79.3,
Sri Lanka,LKA,"Immunization, measles (% of children ages 12-23 months)",SH.IMM.MEAS,99,99
St. Kitts and Nevis,KNA,"School enrollment, secondary (% gross)",SE.SEC.ENRR,105.207412719727,101.203796386719
St. Kitts and Nevis,KNA,"Life expectancy at birth, total (years)",SP.DYN.LE00.IN,,
St. Kitts and Nevis,KNA,Improved sanitation facilities (% of population with access),SH.STA.ACSN,87.3,
St. Kitts and Nevis,KNA,Improved water source (% of population with access),SH.H2O.SAFE.ZS,98.3,
St. Kitts and Nevis,KNA,"Immunization, measles (% of children ages 12-23 months)",SH.IMM.MEAS,99,99
St. Lucia,LCA,"School enrollment, secondary (% gross)",SE.SEC.ENRR,73.9844131469727,88.3851089477539
St. Lucia,LCA,"Life expectancy at birth, total (years)",SP.DYN.LE00.IN,71.4235365853659,74.7919512195122
St. Lucia,LCA,Improved sanitation facilities (% of population with access),SH.STA.ACSN,62.4,
St. Lucia,LCA,Improved water source (% of population with access),SH.H2O.SAFE.ZS,93.8,
St. Lucia,LCA,"Immunization, measles (% of children ages 12-23 months)",SH.IMM.MEAS,88,99
St. Martin (French part),MAF,"School enrollment, secondary (% gross)",SE.SEC.ENRR,,
St. Martin (French part),MAF,"Life expectancy at birth, total (years)",SP.DYN.LE00.IN,76.9707317073171,79.1707317073171
St. Martin (French part),MAF,Improved sanitation facilities (% of population with access),SH.STA.ACSN,,
St. Martin (French part),MAF,Improved water source (% of population with access),SH.H2O.SAFE.ZS,,
St. Martin (French part),MAF,"Immunization, measles (% of children ages 12-23 months)",SH.IMM.MEAS,,
St. Vincent and the Grenadines,VCT,"School enrollment, secondary (% gross)",SE.SEC.ENRR,82.500846862793,102.900703430176
St. Vincent and the Grenadines,VCT,"Life expectancy at birth, total (years)",SP.DYN.LE00.IN,70.5831219512195,72.5009756097561
St. Vincent and the Grenadines,VCT,Improved sanitation facilities (% of population with access),SH.STA.ACSN,73.2,
St. Vincent and the Grenadines,VCT,Improved water source (% of population with access),SH.H2O.SAFE.ZS,93.5,
St. Vincent and the Grenadines,VCT,"Immunization, measles (% of children ages 12-23 months)",SH.IMM.MEAS,96,99
Sudan,SDN,"School enrollment, secondary (% gross)",SE.SEC.ENRR,,
Sudan,SDN,"Life expectancy at birth, total (years)",SP.DYN.LE00.IN,57.978,62.0444878048781
Sudan,SDN,Improved sanitation facilities (% of population with access),SH.STA.ACSN,25.4,
Sudan,SDN,Improved water source (% of population with access),SH.H2O.SAFE.ZS,62,
Sudan,SDN,"Immunization, measles (% of children ages 12-23 months)",SH.IMM.MEAS,58,85
Suriname,SUR,"School enrollment, secondary (% gross)",SE.SEC.ENRR,,76.009162902832
Suriname,SUR,"Life expectancy at birth, total (years)",SP.DYN.LE00.IN,67.9291707317073,71.0316341463415
Suriname,SUR,Improved sanitation facilities (% of population with access),SH.STA.ACSN,80.5,
Suriname,SUR,Improved water source (% of population with access),SH.H2O.SAFE.ZS,88.9,
Suriname,SUR,"Immunization, measles (% of children ages 12-23 months)",SH.IMM.MEAS,84,93
Swaziland,SWZ,"School enrollment, secondary (% gross)",SE.SEC.ENRR,41.9203987121582,
Swaziland,SWZ,"Life expectancy at birth, total (years)",SP.DYN.LE00.IN,48.6640731707317,48.9379268292683
Swaziland,SWZ,Improved sanitation facilities (% of population with access),SH.STA.ACSN,51.8,
Swaziland,SWZ,Improved water source (% of population with access),SH.H2O.SAFE.ZS,51.9,
Swaziland,SWZ,"Immunization, measles (% of children ages 12-23 months)",SH.IMM.MEAS,92,85
Sweden,SWE,"School enrollment, secondary (% gross)",SE.SEC.ENRR,151.907745361328,
Sweden,SWE,"Life expectancy at birth, total (years)",SP.DYN.LE00.IN,79.6439024390244,81.7048780487805
Sweden,SWE,Improved sanitation facilities (% of population with access),SH.STA.ACSN,100,
Sweden,SWE,Improved water source (% of population with access),SH.H2O.SAFE.ZS,100,
Sweden,SWE,"Immunization, measles (% of children ages 12-23 months)",SH.IMM.MEAS,91,97
Switzerland,CHE,"School enrollment, secondary (% gross)",SE.SEC.ENRR,95.4123382568359,
Switzerland,CHE,"Life expectancy at birth, total (years)",SP.DYN.LE00.IN,79.6804878048781,82.7487804878049
Switzerland,CHE,Improved sanitation facilities (% of population with access),SH.STA.ACSN,100,
Switzerland,CHE,Improved water source (% of population with access),SH.H2O.SAFE.ZS,100,
Switzerland,CHE,"Immunization, measles (% of children ages 12-23 months)",SH.IMM.MEAS,82,93
Syrian Arab Republic,SYR,"School enrollment, secondary (% gross)",SE.SEC.ENRR,43.9627494812012,47.7270317077637
Syrian Arab Republic,SYR,"Life expectancy at birth, total (years)",SP.DYN.LE00.IN,73.3302926829268,74.7157804878049
Syrian Arab Republic,SYR,Improved sanitation facilities (% of population with access),SH.STA.ACSN,88.6,
Syrian Arab Republic,SYR,Improved water source (% of population with access),SH.H2O.SAFE.ZS,87.5,
Syrian Arab Republic,SYR,"Immunization, measles (% of children ages 12-23 months)",SH.IMM.MEAS,84,61
Tajikistan,TJK,"School enrollment, secondary (% gross)",SE.SEC.ENRR,73.2004470825195,
Tajikistan,TJK,"Life expectancy at birth, total (years)",SP.DYN.LE00.IN,63.7717317073171,67.3746097560976
Tajikistan,TJK,Improved sanitation facilities (% of population with access),SH.STA.ACSN,90.4,
Tajikistan,TJK,Improved water source (% of population with access),SH.H2O.SAFE.ZS,59.6,
Tajikistan,TJK,"Immunization, measles (% of children ages 12-23 months)",SH.IMM.MEAS,88,92
Tanzania,TZA,"School enrollment, secondary (% gross)",SE.SEC.ENRR,,32.9677810668945
Tanzania,TZA,"Life expectancy at birth, total (years)",SP.DYN.LE00.IN,49.971512195122,61.4931463414634
Tanzania,TZA,Improved sanitation facilities (% of population with access),SH.STA.ACSN,8.8,
Tanzania,TZA,Improved water source (% of population with access),SH.H2O.SAFE.ZS,54.3,
Tanzania,TZA,"Immunization, measles (% of children ages 12-23 months)",SH.IMM.MEAS,78,99
Thailand,THA,"School enrollment, secondary (% gross)",SE.SEC.ENRR,,
Thailand,THA,"Life expectancy at birth, total (years)",SP.DYN.LE00.IN,70.9165853658537,74.3650731707317
Thailand,THA,Improved sanitation facilities (% of population with access),SH.STA.ACSN,91.3,
Thailand,THA,Improved water source (% of population with access),SH.H2O.SAFE.ZS,91.7,
Thailand,THA,"Immunization, measles (% of children ages 12-23 months)",SH.IMM.MEAS,94,99
Timor-Leste,TMP,"School enrollment, secondary (% gross)",SE.SEC.ENRR,,
Timor-Leste,TMP,"Life expectancy at birth, total (years)",SP.DYN.LE00.IN,59.4814146341464,67.5223658536585
Timor-Leste,TMP,Improved sanitation facilities (% of population with access),SH.STA.ACSN,37.4,
Timor-Leste,TMP,Improved water source (% of population with access),SH.H2O.SAFE.ZS,54.3,
Timor-Leste,TMP,"Immunization, measles (% of children ages 12-23 months)",SH.IMM.MEAS,,70
Togo,TGO,"School enrollment, secondary (% gross)",SE.SEC.ENRR,32.1164703369141,
Togo,TGO,"Life expectancy at birth, total (years)",SP.DYN.LE00.IN,53.5453414634146,56.4885121951219
Togo,TGO,Improved sanitation facilities (% of population with access),SH.STA.ACSN,12.2,
Togo,TGO,Improved water source (% of population with access),SH.H2O.SAFE.ZS,53.4,
Togo,TGO,"Immunization, measles (% of children ages 12-23 months)",SH.IMM.MEAS,58,72
Tonga,TON,"School enrollment, secondary (% gross)",SE.SEC.ENRR,106.434120178223,
Tonga,TON,"Life expectancy at birth, total (years)",SP.DYN.LE00.IN,70.7604390243903,72.6423170731708
Tonga,TON,Improved sanitation facilities (% of population with access),SH.STA.ACSN,93.5,
Tonga,TON,Improved water source (% of population with access),SH.H2O.SAFE.ZS,98.6,
Tonga,TON,"Immunization, measles (% of children ages 12-23 months)",SH.IMM.MEAS,95,99
Trinidad and Tobago,TTO,"School enrollment, secondary (% gross)",SE.SEC.ENRR,,
Trinidad and Tobago,TTO,"Life expectancy at birth, total (years)",SP.DYN.LE00.IN,68.5979512195122,69.9252195121951
Trinidad and Tobago,TTO,Improved sanitation facilities (% of population with access),SH.STA.ACSN,92.4,
Trinidad and Tobago,TTO,Improved water source (% of population with access),SH.H2O.SAFE.ZS,92.2,
Trinidad and Tobago,TTO,"Immunization, measles (% of children ages 12-23 months)",SH.IMM.MEAS,90,91
Tunisia,TUN,"School enrollment, secondary (% gross)",SE.SEC.ENRR,74.8985290527344,90.6009063720703
Tunisia,TUN,"Life expectancy at birth, total (years)",SP.DYN.LE00.IN,72.6,73.6463414634147
Tunisia,TUN,Improved sanitation facilities (% of population with access),SH.STA.ACSN,81.9,
Tunisia,TUN,Improved water source (% of population with access),SH.H2O.SAFE.ZS,89.4,
Tunisia,TUN,"Immunization, measles (% of children ages 12-23 months)",SH.IMM.MEAS,95,94
Turkey,TUR,"School enrollment, secondary (% gross)",SE.SEC.ENRR,72.728271484375,
Turkey,TUR,"Life expectancy at birth, total (years)",SP.DYN.LE00.IN,69.9983658536586,75.1759512195122
Turkey,TUR,Improved sanitation facilities (% of population with access),SH.STA.ACSN,87.2,
Turkey,TUR,Improved water source (% of population with access),SH.H2O.SAFE.ZS,92.8,
Turkey,TUR,"Immunization, measles (% of children ages 12-23 months)",SH.IMM.MEAS,87,98
Turkmenistan,TKM,"School enrollment, secondary (% gross)",SE.SEC.ENRR,,
Turkmenistan,TKM,"Life expectancy at birth, total (years)",SP.DYN.LE00.IN,63.8992926829268,65.4625853658537
Turkmenistan,TKM,Improved sanitation facilities (% of population with access),SH.STA.ACSN,98.3,
Turkmenistan,TKM,Improved water source (% of population with access),SH.H2O.SAFE.ZS,83.3,
Turkmenistan,TKM,"Immunization, measles (% of children ages 12-23 months)",SH.IMM.MEAS,96,99
Turks and Caicos Islands,TCA,"School enrollment, secondary (% gross)",SE.SEC.ENRR,,
Turks and Caicos Islands,TCA,"Life expectancy at birth, total (years)",SP.DYN.LE00.IN,,
Turks and Caicos Islands,TCA,Improved sanitation facilities (% of population with access),SH.STA.ACSN,81.4,
Turks and Caicos Islands,TCA,Improved water source (% of population with access),SH.H2O.SAFE.ZS,87.1,
Turks and Caicos Islands,TCA,"Immunization, measles (% of children ages 12-23 months)",SH.IMM.MEAS,,
Tuvalu,TUV,"School enrollment, secondary (% gross)",SE.SEC.ENRR,,83.7257614135742
Tuvalu,TUV,"Life expectancy at birth, total (years)",SP.DYN.LE00.IN,,
Tuvalu,TUV,Improved sanitation facilities (% of population with access),SH.STA.ACSN,78.4,
Tuvalu,TUV,Improved water source (% of population with access),SH.H2O.SAFE.ZS,94,
Tuvalu,TUV,"Immunization, measles (% of children ages 12-23 months)",SH.IMM.MEAS,81,96
Uganda,UGA,"School enrollment, secondary (% gross)",SE.SEC.ENRR,16.3519802093506,26.8669300079346
Uganda,UGA,"Life expectancy at birth, total (years)",SP.DYN.LE00.IN,48.1093658536585,59.19
Uganda,UGA,Improved sanitation facilities (% of population with access),SH.STA.ACSN,29.8,
Uganda,UGA,Improved water source (% of population with access),SH.H2O.SAFE.ZS,56.5,
Uganda,UGA,"Immunization, measles (% of children ages 12-23 months)",SH.IMM.MEAS,57,82
Ukraine,UKR,"School enrollment, secondary (% gross)",SE.SEC.ENRR,98.7817230224609,98.8634490966797
Ukraine,UKR,"Life expectancy at birth, total (years)",SP.DYN.LE00.IN,67.859512195122,71.159512195122
Ukraine,UKR,Improved sanitation facilities (% of population with access),SH.STA.ACSN,95.1,
Ukraine,UKR,Improved water source (% of population with access),SH.H2O.SAFE.ZS,96.9,
Ukraine,UKR,"Immunization, measles (% of children ages 12-23 months)",SH.IMM.MEAS,99,79
United Arab Emirates,ARE,"School enrollment, secondary (% gross)",SE.SEC.ENRR,,
United Arab Emirates,ARE,"Life expectancy at birth, total (years)",SP.DYN.LE00.IN,74.4056829268293,77.1312926829268
United Arab Emirates,ARE,Improved sanitation facilities (% of population with access),SH.STA.ACSN,97.4,
United Arab Emirates,ARE,Improved water source (% of population with access),SH.H2O.SAFE.ZS,99.7,
United Arab Emirates,ARE,"Immunization, measles (% of children ages 12-23 months)",SH.IMM.MEAS,94,94
United Kingdom,GBR,"School enrollment, secondary (% gross)",SE.SEC.ENRR,101.569801330566,
United Kingdom,GBR,"Life expectancy at birth, total (years)",SP.DYN.LE00.IN,77.7414634146342,80.9560975609756
United Kingdom,GBR,Improved sanitation facilities (% of population with access),SH.STA.ACSN,100,
United Kingdom,GBR,Improved water source (% of population with access),SH.H2O.SAFE.ZS,100,
United Kingdom,GBR,"Immunization, measles (% of children ages 12-23 months)",SH.IMM.MEAS,88,95
United States,USA,"School enrollment, secondary (% gross)",SE.SEC.ENRR,92.3247985839844,
United States,USA,"Life expectancy at birth, total (years)",SP.DYN.LE00.IN,76.6365853658537,78.8414634146341
United States,USA,Improved sanitation facilities (% of population with access),SH.STA.ACSN,99.7,
United States,USA,Improved water source (% of population with access),SH.H2O.SAFE.ZS,98.8,
United States,USA,"Immunization, measles (% of children ages 12-23 months)",SH.IMM.MEAS,91,91
Uruguay,URY,"School enrollment, secondary (% gross)",SE.SEC.ENRR,98.222900390625,
Uruguay,URY,"Life expectancy at birth, total (years)",SP.DYN.LE00.IN,74.6600975609756,77.0514146341463
Uruguay,URY,Improved sanitation facilities (% of population with access),SH.STA.ACSN,93.8,
Uruguay,URY,Improved water source (% of population with access),SH.H2O.SAFE.ZS,97.1,
Uruguay,URY,"Immunization, measles (% of children ages 12-23 months)",SH.IMM.MEAS,89,96
Uzbekistan,UZB,"School enrollment, secondary (% gross)",SE.SEC.ENRR,88.1799774169922,
Uzbekistan,UZB,"Life expectancy at birth, total (years)",SP.DYN.LE00.IN,66.9407804878049,68.2275853658537
Uzbekistan,UZB,Improved sanitation facilities (% of population with access),SH.STA.ACSN,90.9,
Uzbekistan,UZB,Improved water source (% of population with access),SH.H2O.SAFE.ZS,88.7,
Uzbekistan,UZB,"Immunization, measles (% of children ages 12-23 months)",SH.IMM.MEAS,99,97
Vanuatu,VUT,"School enrollment, secondary (% gross)",SE.SEC.ENRR,34.6628608703613,
Vanuatu,VUT,"Life expectancy at birth, total (years)",SP.DYN.LE00.IN,67.555,71.6868292682927
Vanuatu,VUT,Improved sanitation facilities (% of population with access),SH.STA.ACSN,41.7,
Vanuatu,VUT,Improved water source (% of population with access),SH.H2O.SAFE.ZS,76,
Vanuatu,VUT,"Immunization, measles (% of children ages 12-23 months)",SH.IMM.MEAS,61,52
"Venezuela, RB",VEN,"School enrollment, secondary (% gross)",SE.SEC.ENRR,59.6337394714355,92.9535827636719
"Venezuela, RB",VEN,"Life expectancy at birth, total (years)",SP.DYN.LE00.IN,72.4441463414634,74.6430975609756
"Venezuela, RB",VEN,Improved sanitation facilities (% of population with access),SH.STA.ACSN,88.7,
"Venezuela, RB",VEN,Improved water source (% of population with access),SH.H2O.SAFE.ZS,92.1,
"Venezuela, RB",VEN,"Immunization, measles (% of children ages 12-23 months)",SH.IMM.MEAS,84,85
Vietnam,VNM,"School enrollment, secondary (% gross)",SE.SEC.ENRR,,
Vietnam,VNM,"Life expectancy at birth, total (years)",SP.DYN.LE00.IN,73.6311219512195,75.756487804878
Vietnam,VNM,Improved sanitation facilities (% of population with access),SH.STA.ACSN,54.4,
Vietnam,VNM,Improved water source (% of population with access),SH.H2O.SAFE.ZS,77.4,
Vietnam,VNM,"Immunization, measles (% of children ages 12-23 months)",SH.IMM.MEAS,97,98
Virgin Islands (U.S.),VIR,"School enrollment, secondary (% gross)",SE.SEC.ENRR,,
Virgin Islands (U.S.),VIR,"Life expectancy at birth, total (years)",SP.DYN.LE00.IN,76.619512195122,79.6243902439024
Virgin Islands (U.S.),VIR,Improved sanitation facilities (% of population with access),SH.STA.ACSN,96.4,
Virgin Islands (U.S.),VIR,Improved water source (% of population with access),SH.H2O.SAFE.ZS,100,
Virgin Islands (U.S.),VIR,"Immunization, measles (% of children ages 12-23 months)",SH.IMM.MEAS,,
West Bank and Gaza,WBG,"School enrollment, secondary (% gross)",SE.SEC.ENRR,80.6093063354492,82.2902297973633
West Bank and Gaza,WBG,"Life expectancy at birth, total (years)",SP.DYN.LE00.IN,70.9074634146342,73.2033414634146
West Bank and Gaza,WBG,Improved sanitation facilities (% of population with access),SH.STA.ACSN,90.1,
West Bank and Gaza,WBG,Improved water source (% of population with access),SH.H2O.SAFE.ZS,92,
West Bank and Gaza,WBG,"Immunization, measles (% of children ages 12-23 months)",SH.IMM.MEAS,,
"Yemen, Rep.",YEM,"School enrollment, secondary (% gross)",SE.SEC.ENRR,,49.1850395202637
"Yemen, Rep.",YEM,"Life expectancy at birth, total (years)",SP.DYN.LE00.IN,60.4578536585366,63.0895853658537
"Yemen, Rep.",YEM,Improved sanitation facilities (% of population with access),SH.STA.ACSN,39.4,
"Yemen, Rep.",YEM,Improved water source (% of population with access),SH.H2O.SAFE.ZS,59.9,
"Yemen, Rep.",YEM,"Immunization, measles (% of children ages 12-23 months)",SH.IMM.MEAS,71,78
Zambia,ZMB,"School enrollment, secondary (% gross)",SE.SEC.ENRR,,
Zambia,ZMB,"Life expectancy at birth, total (years)",SP.DYN.LE00.IN,41.7831219512195,58.0927804878049
Zambia,ZMB,Improved sanitation facilities (% of population with access),SH.STA.ACSN,40.7,
Zambia,ZMB,Improved water source (% of population with access),SH.H2O.SAFE.ZS,53.1,
Zambia,ZMB,"Immunization, measles (% of children ages 12-23 months)",SH.IMM.MEAS,85,80
Zimbabwe,ZWE,"School enrollment, secondary (% gross)",SE.SEC.ENRR,42.7168617248535,
Zimbabwe,ZWE,"Life expectancy at birth, total (years)",SP.DYN.LE00.IN,43.922,59.7734878048781
Zimbabwe,ZWE,Improved sanitation facilities (% of population with access),SH.STA.ACSN,40.3,
Zimbabwe,ZWE,Improved water source (% of population with access),SH.H2O.SAFE.ZS,79.5,
Zimbabwe,ZWE,"Immunization, measles (% of children ages 12-23 months)",SH.IMM.MEAS,75,93
,,,,,
,,,,,
,,,,,
Data from database: World Development Indicators,,,,,
Last Updated: 04/14/2015,,,,,
